174,0,5.767,0.98,1,0.046957,-0.090138,-0.994822,-0.144283,-0.110705,-0.983324,-0.049,-0.101,240.6,246.2,259.0,271.5,276.4,272.0,258.1,245.6,227.8,234.4,244.1,257.2,271.4,282.3,290.3,280.2,267.4,254.6,243.2,234.1,253.0,259.0,265.2,267.9,265.5,259.5,253.3,250.6,427.2,432.8,445.7,458.4,463.4,457.8,444.9,431.2,414.3,421.2,431.4,446.3,461.1,471.6,478.2,470.4,460.2,448.4,434.9,422.8,438.6,444.8,451.2,454.0,451.6,445.3,438.9,436.2,247.6,234.2,229.1,235.1,248.8,263.1,267.3,261.2,248.2,241.2,237.3,236.2,239.8,246.6,256.5,261.3,263.0,263.0,260.4,255.7,254.4,257.3,254.9,248.5,241.9,238.9,241.4,247.8,253.7,240.7,235.4,241.1,254.3,267.3,272.5,267.8,257.8,249.1,244.0,242.7,246.5,252.1,261.2,266.1,268.5,269.1,267.1,263.7,260.3,263.1,260.6,254.2,247.7,244.9,247.4,253.8,-25.5,-23.6,-19.4,-15.3,-13.7,-15.2,-19.8,-23.9,-30.6,-27.8,-24.1,-19.7,-15.2,-11.8,-9.4,-12.6,-16.6,-20.7,-24.6,-28.0,-21.5,-19.5,-17.5,-16.6,-17.3,-19.3,-21.4,-22.3,34.7,36.5,40.8,45.0,46.7,44.9,40.6,36.1,30.9,32.8,35.8,40.5,45.6,49.8,52.8,49.5,45.6,41.4,37.0,33.4,38.7,40.8,42.9,43.8,43.0,40.9,38.8,37.9,2.4,-1.8,-3.5,-1.5,2.8,7.3,8.7,6.8,2.7,0.4,-0.9,-1.2,-0.1,2.1,5.2,6.7,7.2,7.3,6.5,5.1,4.6,5.6,4.7,2.7,0.6,-0.3,0.4,2.5,4.4,0.2,-1.5,0.4,4.6,8.9,10.6,9.0,5.8,2.9,1.3,0.9,2.1,4.0,7.1,8.6,9.3,9.4,8.7,7.7,6.6,7.5,6.7,4.6,2.5,1.6,2.4,4.5,160.8,160.1,158.8,157.7,157.4,158.4,159.5,160.6,165.8,162.2,158.8,156.5,156.2,157.0,158.5,157.9,157.5,158.2,160.1,162.9,160.6,160.1,159.5,159.1,159.2,159.8,160.4,160.7,161.9,161.9,162.2,162.5,162.8,162.8,162.5,162.4,163.8,162.2,160.8,160.3,161.7,164.1,166.9,164.7,162.6,161.2,161.2,162.5,163.1,163.2,163.4,163.4,163.3,163.1,163.0,163.0
175,0,5.800,0.98,1,0.048401,-0.090413,-0.994728,-0.143327,-0.109508,-0.983598,-0.048,-0.101,240.7,246.2,259.0,271.5,276.4,271.9,258.0,245.5,227.9,234.4,244.2,257.2,271.5,282.3,290.2,280.0,267.3,254.5,243.1,234.1,253.0,259.0,265.2,267.9,265.6,259.5,253.4,250.6,427.1,432.7,445.6,458.3,463.3,457.7,444.8,431.1,414.2,421.2,431.5,446.4,461.0,471.5,478.1,470.3,460.1,448.2,434.7,422.6,438.5,444.7,451.1,453.9,451.5,445.2,438.8,436.0,247.5,234.2,229.1,235.1,248.8,263.1,267.3,261.2,248.2,241.2,237.5,236.3,239.9,246.7,256.4,261.3,263.0,263.0,260.4,255.6,254.4,257.4,254.9,248.5,241.9,238.9,241.4,247.8,253.7,240.7,235.5,241.2,254.4,267.3,272.5,267.8,257.8,249.2,244.1,242.7,246.5,252.1,261.2,266.1,268.5,269.0,267.0,263.7,260.4,263.2,260.7,254.2,247.7,244.9,247.4,253.8,-25.6,-23.7,-19.4,-15.3,-13.8,-15.3,-19.8,-24.0,-30.6,-27.8,-24.1,-19.7,-15.2,-11.9,-9.4,-12.6,-16.6,-20.8,-24.6,-28.0,-21.6,-19.6,-17.5,-16.6,-17.4,-19.4,-21.4,-22.3,34.6,36.5,40.7,45.0,46.6,44.8,40.5,36.0,30.8,32.8,35.9,40.5,45.6,49.7,52.8,49.5,45.5,41.3,37.0,33.3,38.6,40.7,42.8,43.7,42.9,40.8,38.7,37.8,2.4,-1.9,-3.5,-1.5,2.8,7.3,8.7,6.8,2.7,0.4,-0.8,-1.1,-0.0,2.1,5.2,6.7,7.3,7.3,6.6,5.1,4.6,5.6,4.8,2.7,0.6,-0.3,0.4,2.5,4.4,0.2,-1.5,0.4,4.7,8.9,10.6,9.0,5.8,3.0,1.3,0.9,2.1,4.0,7.1,8.6,9.3,9.3,8.7,7.7,6.6,7.6,6.7,4.7,2.5,1.6,2.4,4.5,161.1,160.4,159.1,158.0,157.7,158.7,159.8,160.8,166.1,162.5,159.1,156.8,156.4,157.3,158.8,158.1,157.7,158.4,160.3,163.1,160.9,160.4,159.8,159.4,159.5,160.1,160.7,161.0,161.8,161.9,162.1,162.5,162.7,162.6,162.3,162.3,163.8,162.2,160.8,160.4,161.8,164.1,166.9,164.6,162.5,161.1,161.1,162.4,162.9,163.1,163.3,163.3,163.2,163.0,162.9,162.9
176,0,5.833,0.98,1,0.049775,-0.088798,-0.994805,-0.141756,-0.110239,-0.983744,-0.046,-0.100,240.7,246.3,259.0,271.5,276.4,271.9,258.0,245.5,227.9,234.5,244.2,257.1,271.2,282.1,290.2,280.1,267.4,254.6,243.2,234.1,253.0,259.0,265.1,267.8,265.5,259.5,253.4,250.7,427.1,432.7,445.6,458.3,463.3,457.7,444.8,431.1,414.2,421.2,431.5,446.3,461.0,471.5,478.0,470.2,460.0,448.1,434.7,422.6,438.5,444.8,451.2,454.0,451.5,445.2,438.8,436.1,247.7,234.4,229.2,235.3,248.9,263.2,267.4,261.3,248.2,241.3,237.5,236.4,240.0,246.8,256.5,261.3,263.0,263.0,260.5,255.7,254.5,257.4,255.0,248.6,242.1,239.2,241.6,247.9,253.8,240.8,235.6,241.2,254.3,267.3,272.5,267.8,257.9,249.2,244.0,242.7,246.4,252.0,261.1,266.0,268.5,269.0,267.1,263.7,260.4,263.2,260.6,254.2,247.7,244.9,247.5,253.9,-25.6,-23.7,-19.4,-15.4,-13.8,-15.3,-19.9,-24.0,-30.7,-27.9,-24.2,-19.8,-15.3,-11.9,-9.5,-12.7,-16.6,-20.8,-24.7,-28.1,-21.6,-19.6,-17.6,-16.7,-17.4,-19.4,-21.4,-22.4,34.7,36.6,40.8,45.0,46.7,44.9,40.6,36.2,31.0,32.9,35.9,40.6,45.7,49.8,52.9,49.6,45.6,41.4,37.1,33.4,38.7,40.8,42.9,43.8,43.0,40.9,38.8,37.9,2.5,-1.8,-3.4,-1.5,2.8,7.4,8.8,6.9,2.7,0.4,-0.8,-1.1,-0.0,2.1,5.3,6.8,7.3,7.3,6.6,5.1,4.7,5.6,4.8,2.8,0.7,-0.3,0.5,2.6,4.5,0.3,-1.4,0.4,4.7,8.9,10.6,9.0,5.9,3.0,1.3,0.9,2.1,4.0,7.1,8.6,9.3,9.4,8.7,7.7,6.7,7.6,6.7,4.7,2.5,1.6,2.4,4.5,161.5,160.8,159.5,158.4,158.1,159.0,160.1,161.2,166.5,162.9,159.5,157.3,156.9,157.7,159.2,158.5,158.1,158.8,160.7,163.5,161.3,160.7,160.1,159.8,159.9,160.4,161.1,161.4,162.2,162.2,162.4,162.8,163.0,163.0,162.8,162.7,164.3,162.6,161.2,160.7,162.1,164.5,167.3,165.0,163.0,161.6,161.6,162.9,163.4,163.5,163.6,163.7,163.5,163.4,163.2,163.2
177,0,5.867,0.98,1,0.047241,-0.090754,-0.994752,-0.140637,-0.111510,-0.983761,-0.047,-0.102,240.5,246.1,258.9,271.4,276.3,271.8,257.9,245.4,227.8,234.4,244.2,257.1,271.3,282.2,290.2,280.0,267.3,254.6,243.2,234.0,252.8,258.9,265.1,267.8,265.4,259.4,253.2,250.5,427.1,432.7,445.6,458.3,463.3,457.7,444.8,431.1,414.3,421.2,431.4,446.2,460.9,471.4,477.9,470.1,460.0,448.2,434.8,422.7,438.5,444.7,451.2,454.0,451.5,445.2,438.8,436.0,247.7,234.3,229.1,235.1,248.8,263.2,267.4,261.4,248.2,241.3,237.4,236.3,239.9,246.7,256.5,261.3,263.0,263.0,260.4,255.6,254.5,257.5,255.0,248.5,241.9,239.0,241.5,247.9,253.8,240.8,235.6,241.2,254.4,267.4,272.5,267.8,257.9,249.2,244.1,242.7,246.5,252.0,261.1,266.1,268.5,269.1,267.2,263.8,260.4,263.2,260.7,254.3,247.7,244.9,247.5,253.9,-25.7,-23.8,-19.5,-15.4,-13.8,-15.3,-19.9,-24.0,-30.7,-27.8,-24.1,-19.7,-15.3,-11.9,-9.5,-12.7,-16.6,-20.7,-24.7,-28.1,-21.6,-19.6,-17.6,-16.7,-17.4,-19.4,-21.5,-22.4,34.8,36.6,40.9,45.1,46.8,45.0,40.7,36.2,31.0,32.9,35.9,40.6,45.7,49.8,52.9,49.6,45.7,41.5,37.1,33.5,38.8,40.9,43.0,43.9,43.1,41.0,38.9,37.9,2.5,-1.8,-3.5,-1.5,2.8,7.4,8.8,6.9,2.7,0.4,-0.8,-1.2,-0.0,2.1,5.2,6.7,7.3,7.3,6.6,5.1,4.7,5.6,4.8,2.7,0.6,-0.3,0.5,2.6,4.5,0.3,-1.4,0.4,4.7,8.9,10.6,9.1,5.9,3.0,1.3,0.9,2.1,4.0,7.1,8.6,9.3,9.4,8.8,7.8,6.7,7.6,6.8,4.7,2.5,1.6,2.4,4.5,161.3,160.6,159.3,158.2,158.0,158.9,160.0,161.1,166.2,162.7,159.3,157.1,156.7,157.5,159.0,158.3,157.9,158.6,160.5,163.3,161.1,160.6,160.0,159.6,159.8,160.3,160.9,161.3,162.4,162.4,162.7,163.0,163.3,163.3,163.1,163.0,164.4,162.8,161.4,160.9,162.3,164.6,167.5,165.3,163.2,161.8,161.8,163.1,163.6,163.8,163.9,163.9,163.8,163.6,163.5,163.5
178,0,5.900,0.98,1,0.044892,-0.092472,-0.994703,-0.139266,-0.115331,-0.983516,-0.048,-0.105,240.4,246.0,258.7,271.2,276.2,271.8,257.9,245.4,227.8,234.4,244.2,257.1,271.3,282.1,290.1,280.0,267.4,254.7,243.3,234.1,252.7,258.8,265.0,267.7,265.3,259.3,253.1,250.4,427.1,432.7,445.6,458.3,463.2,457.6,444.7,431.1,414.2,421.2,431.4,446.2,460.8,471.2,477.7,470.0,459.9,448.2,434.8,422.7,438.4,444.7,451.1,453.9,451.5,445.2,438.8,436.0,247.6,234.3,229.1,235.1,248.8,263.1,267.3,261.3,248.2,241.2,237.4,236.2,239.8,246.6,256.4,261.3,263.1,263.1,260.5,255.7,254.5,257.4,255.0,248.5,241.9,238.9,241.4,247.9,253.7,240.7,235.6,241.3,254.4,267.4,272.6,267.8,257.9,249.2,244.1,242.7,246.5,252.1,261.1,266.1,268.6,269.2,267.2,263.8,260.5,263.3,260.8,254.3,247.8,244.9,247.5,253.9,-25.7,-23.8,-19.5,-15.4,-13.9,-15.3,-19.9,-24.1,-30.7,-27.9,-24.2,-19.8,-15.3,-11.9,-9.5,-12.7,-16.7,-20.8,-24.7,-28.1,-21.7,-19.7,-17.6,-16.7,-17.5,-19.5,-21.6,-22.5,34.8,36.6,40.9,45.2,46.8,45.0,40.7,36.2,31.0,32.9,36.0,40.7,45.7,49.8,52.9,49.6,45.7,41.4,37.1,33.5,38.7,40.8,43.0,43.9,43.1,41.0,38.9,37.9,2.5,-1.8,-3.5,-1.5,2.8,7.3,8.8,6.9,2.7,0.4,-0.8,-1.2,-0.1,2.1,5.2,6.8,7.3,7.3,6.6,5.1,4.7,5.6,4.8,2.7,0.6,-0.3,0.5,2.5,4.4,0.2,-1.4,0.4,4.7,9.0,10.6,9.1,5.9,3.0,1.3,0.9,2.1,4.0,7.1,8.6,9.3,9.4,8.8,7.8,6.7,7.6,6.8,4.7,2.6,1.6,2.4,4.5,161.5,160.8,159.5,158.4,158.1,159.1,160.2,161.3,166.4,162.8,159.4,157.2,156.8,157.7,159.2,158.6,158.1,158.8,160.7,163.5,161.3,160.8,160.2,159.8,159.9,160.5,161.1,161.4,162.4,162.6,162.9,163.3,163.5,163.4,163.0,162.9,164.3,162.8,161.5,161.1,162.4,164.8,167.6,165.3,163.2,161.7,161.6,163.0,163.6,163.8,164.0,164.0,164.0,163.8,163.6,163.5
179,0,5.933,0.98,1,0.041223,-0.094595,-0.994662,-0.137993,-0.119145,-0.983241,-0.049,-0.108,240.3,245.9,258.6,271.2,276.1,271.7,257.8,245.3,227.7,234.4,244.2,257.3,271.6,282.3,290.1,280.0,267.3,254.6,243.3,234.1,252.7,258.7,264.9,267.7,265.3,259.2,253.0,250.3,427.1,432.7,445.6,458.2,463.2,457.6,444.7,431.1,414.1,421.2,431.4,446.2,460.7,471.1,477.6,469.9,459.9,448.2,434.9,422.7,438.4,444.7,451.1,453.9,451.4,445.2,438.7,435.9,247.7,234.3,229.1,235.1,248.8,263.1,267.4,261.3,248.3,241.2,237.3,236.2,239.7,246.5,256.5,261.3,263.1,263.1,260.5,255.7,254.5,257.5,255.0,248.5,241.9,238.9,241.4,247.9,253.6,240.7,235.5,241.3,254.5,267.5,272.6,267.8,257.9,249.3,244.1,242.7,246.5,252.2,261.3,266.2,268.6,269.2,267.2,263.9,260.5,263.4,260.9,254.4,247.9,245.0,247.5,254.0,-25.7,-23.8,-19.6,-15.5,-13.9,-15.4,-19.9,-24.1,-30.7,-27.8,-24.1,-19.7,-15.2,-11.9,-9.5,-12.7,-16.7,-20.8,-24.6,-28.1,-21.7,-19.7,-17.6,-16.7,-17.5,-19.5,-21.6,-22.5,34.8,36.6,41.0,45.2,46.8,44.9,40.6,36.1,30.9,32.9,36.0,40.6,45.7,49.8,52.8,49.5,45.6,41.4,37.1,33.4,38.7,40.8,43.0,43.9,43.1,41.0,38.8,37.9,2.5,-1.8,-3.5,-1.5,2.8,7.4,8.8,6.9,2.8,0.4,-0.8,-1.2,-0.1,2.1,5.2,6.8,7.3,7.3,6.6,5.1,4.7,5.6,4.8,2.7,0.6,-0.3,0.5,2.5,4.4,0.2,-1.5,0.4,4.7,9.0,10.6,9.0,5.9,3.0,1.3,0.9,2.1,4.0,7.1,8.7,9.3,9.4,8.8,7.8,6.7,7.7,6.8,4.7,2.6,1.6,2.5,4.6,161.5,160.7,159.4,158.4,158.1,159.1,160.2,161.3,166.2,162.6,159.2,157.1,156.8,157.7,159.2,158.5,158.1,158.8,160.6,163.4,161.3,160.8,160.2,159.8,159.9,160.4,161.1,161.4,162.3,162.6,163.0,163.4,163.5,163.2,162.8,162.6,164.1,162.6,161.4,161.1,162.5,164.8,167.5,165.1,162.9,161.5,161.4,162.7,163.5,163.6,163.9,164.0,164.0,163.8,163.6,163.4
180,0,5.967,0.98,1,0.039401,-0.096404,-0.994562,-0.136769,-0.120858,-0.983203,-0.049,-0.109,240.3,245.8,258.6,271.1,276.0,271.6,257.7,245.2,227.6,234.4,244.2,257.3,271.4,282.3,290.2,280.0,267.4,254.7,243.3,234.0,252.5,258.6,264.9,267.6,265.2,259.1,252.9,250.1,427.0,432.6,445.5,458.2,463.2,457.6,444.6,431.0,414.0,421.1,431.3,446.1,460.6,471.0,477.5,469.9,459.9,448.2,434.8,422.6,438.3,444.6,451.0,453.8,451.3,445.1,438.6,435.8,247.6,234.3,229.1,235.1,248.8,263.0,267.3,261.3,248.1,241.1,237.3,236.1,239.7,246.5,256.4,261.3,263.1,263.1,260.5,255.7,254.5,257.5,255.0,248.5,241.8,238.9,241.4,247.9,253.6,240.6,235.5,241.2,254.5,267.5,272.6,267.8,258.0,249.3,244.1,242.7,246.5,252.1,261.3,266.2,268.6,269.1,267.2,263.9,260.6,263.4,260.9,254.5,247.9,245.0,247.5,254.0,-25.8,-23.9,-19.6,-15.5,-13.9,-15.4,-20.0,-24.1,-30.7,-27.9,-24.1,-19.7,-15.2,-11.9,-9.5,-12.7,-16.6,-20.7,-24.7,-28.1,-21.8,-19.7,-17.7,-16.8,-17.5,-19.5,-21.6,-22.6,34.7,36.6,40.9,45.1,46.8,44.8,40.5,36.0,30.8,32.8,35.9,40.6,45.6,49.7,52.7,49.4,45.5,41.3,37.0,33.3,38.6,40.7,42.9,43.8,43.0,40.9,38.8,37.8,2.5,-1.8,-3.5,-1.5,2.8,7.3,8.7,6.9,2.7,0.4,-0.9,-1.2,-0.1,2.1,5.2,6.8,7.3,7.3,6.6,5.1,4.7,5.6,4.8,2.7,0.6,-0.4,0.4,2.5,4.4,0.2,-1.5,0.4,4.7,9.0,10.6,9.0,5.9,3.0,1.3,0.9,2.1,4.0,7.1,8.6,9.3,9.4,8.8,7.8,6.7,7.7,6.8,4.7,2.6,1.6,2.5,4.6,161.5,160.8,159.5,158.5,158.2,159.2,160.2,161.3,166.3,162.7,159.3,157.2,156.9,157.8,159.3,158.7,158.2,158.9,160.7,163.4,161.4,160.9,160.2,159.9,160.0,160.5,161.1,161.5,162.1,162.4,162.9,163.3,163.3,163.0,162.5,162.4,163.8,162.4,161.2,160.9,162.3,164.6,167.3,164.9,162.7,161.2,161.1,162.4,163.2,163.4,163.7,163.8,163.8,163.6,163.4,163.2
181,0,6.000,0.98,1,0.036867,-0.097873,-0.994516,-0.136700,-0.122213,-0.983045,-0.050,-0.111,240.0,245.5,258.3,270.9,275.9,271.5,257.6,245.0,227.5,234.1,244.0,257.3,271.8,282.5,290.2,279.9,267.2,254.4,243.1,233.9,252.4,258.5,264.8,267.5,265.0,258.9,252.7,250.0,426.7,432.4,445.3,457.9,462.9,457.3,444.4,430.7,413.8,420.8,431.0,445.8,460.4,470.8,477.4,469.7,459.7,448.0,434.6,422.4,438.1,444.3,450.7,453.5,451.1,444.8,438.4,435.6,247.6,234.2,229.0,235.1,248.8,263.1,267.4,261.3,248.2,241.1,237.3,236.1,239.6,246.4,256.4,261.3,263.2,263.2,260.5,255.7,254.5,257.5,255.0,248.4,241.7,238.8,241.3,247.8,253.7,240.7,235.6,241.3,254.5,267.5,272.6,267.8,258.0,249.3,244.2,242.7,246.5,252.1,261.2,266.2,268.6,269.2,267.2,264.0,260.5,263.4,260.9,254.5,247.9,245.1,247.6,254.0,-25.7,-23.8,-19.6,-15.5,-13.9,-15.4,-19.9,-24.1,-30.6,-27.8,-24.1,-19.6,-15.0,-11.8,-9.5,-12.7,-16.6,-20.7,-24.6,-28.0,-21.7,-19.7,-17.6,-16.7,-17.5,-19.5,-21.6,-22.5,34.6,36.5,40.8,45.0,46.7,44.8,40.4,36.0,30.8,32.8,35.8,40.5,45.6,49.7,52.7,49.4,45.5,41.3,37.0,33.3,38.6,40.6,42.8,43.8,42.9,40.9,38.7,37.8,2.4,-1.8,-3.5,-1.6,2.8,7.3,8.7,6.9,2.7,0.3,-0.9,-1.2,-0.1,2.0,5.2,6.7,7.3,7.3,6.6,5.1,4.7,5.6,4.8,2.7,0.6,-0.4,0.4,2.5,4.4,0.2,-1.4,0.4,4.7,9.0,10.6,9.0,5.9,3.0,1.3,0.9,2.1,4.0,7.1,8.7,9.3,9.4,8.8,7.8,6.7,7.7,6.8,4.7,2.6,1.7,2.5,4.6,160.8,160.0,158.7,157.6,157.5,158.5,159.6,160.7,165.5,161.9,158.5,156.3,156.0,157.0,158.5,157.9,157.5,158.1,160.0,162.7,160.7,160.2,159.5,159.1,159.2,159.7,160.4,160.8,162.2,162.5,162.9,163.3,163.3,163.0,162.6,162.5,163.9,162.5,161.3,161.0,162.3,164.7,167.4,165.0,162.8,161.3,161.2,162.6,163.3,163.5,163.7,163.8,163.8,163.7,163.4,163.3
182,0,6.033,0.98,1,0.039667,-0.099746,-0.994222,-0.137782,-0.125274,-0.982508,-0.050,-0.113,240.0,245.5,258.2,270.8,275.8,271.4,257.6,245.0,227.4,234.1,244.0,257.4,271.7,282.3,289.8,279.7,267.1,254.3,243.0,233.8,252.3,258.4,264.6,267.3,264.9,258.8,252.6,249.9,426.7,432.3,445.1,457.7,462.7,457.0,444.2,430.6,413.7,420.7,430.9,445.7,460.3,470.8,477.3,469.6,459.6,447.8,434.4,422.2,437.9,444.2,450.5,453.3,450.9,444.7,438.3,435.5,247.7,234.4,229.3,235.3,248.9,263.0,267.3,261.3,248.3,241.2,237.4,236.3,239.8,246.6,256.5,261.4,263.3,263.3,260.6,255.7,254.5,257.4,254.9,248.5,241.9,239.0,241.5,247.9,253.7,240.8,235.7,241.3,254.5,267.4,272.5,267.7,258.0,249.4,244.2,242.8,246.5,252.1,261.2,266.3,268.7,269.3,267.3,264.0,260.4,263.3,260.8,254.4,247.9,245.0,247.5,253.9,-25.9,-24.0,-19.8,-15.6,-14.0,-15.5,-20.1,-24.3,-30.9,-28.0,-24.3,-19.8,-15.2,-12.0,-9.7,-12.8,-16.8,-21.0,-24.8,-28.3,-21.9,-19.9,-17.8,-16.9,-17.7,-19.7,-21.8,-22.7,34.6,36.5,40.8,45.0,46.6,44.7,40.4,36.0,30.8,32.8,35.8,40.5,45.6,49.7,52.7,49.4,45.5,41.3,37.0,33.3,38.6,40.6,42.8,43.7,42.9,40.8,38.7,37.7,2.5,-1.8,-3.4,-1.5,2.8,7.4,8.8,6.9,2.8,0.4,-0.8,-1.2,-0.1,2.1,5.3,6.8,7.4,7.4,6.6,5.2,4.7,5.6,4.8,2.7,0.6,-0.3,0.5,2.6,4.4,0.2,-1.4,0.4,4.7,8.9,10.6,9.0,5.9,3.1,1.4,0.9,2.1,4.0,7.1,8.7,9.4,9.5,8.8,7.8,6.7,7.6,6.8,4.7,2.6,1.6,2.5,4.5,162.0,161.2,159.9,159.0,158.9,159.9,160.9,161.9,166.6,163.1,159.8,157.6,157.5,158.5,160.1,159.4,158.9,159.5,161.3,163.9,161.9,161.5,160.9,160.5,160.5,161.0,161.6,162.0,162.3,162.5,162.8,163.2,163.3,163.2,162.8,162.7,164.2,162.6,161.4,161.0,162.4,164.8,167.6,165.2,163.1,161.6,161.5,162.8,163.4,163.6,163.8,163.9,163.8,163.7,163.5,163.4
183,0,6.067,0.98,1,0.037278,-0.101697,-0.994117,-0.138264,-0.123839,-0.982622,-0.051,-0.114,239.8,245.4,258.2,270.8,275.9,271.4,257.5,244.8,227.2,234.0,244.0,257.4,271.9,282.5,290.0,279.8,267.1,254.2,242.9,233.7,252.2,258.4,264.6,267.3,264.9,258.8,252.5,249.8,426.7,432.3,445.2,457.7,462.6,456.9,444.1,430.5,413.7,420.8,431.0,445.7,460.2,470.6,477.2,469.5,459.4,447.7,434.4,422.3,437.9,444.1,450.5,453.3,450.9,444.7,438.3,435.5,247.5,234.1,228.9,234.9,248.7,263.0,267.3,261.2,248.1,240.8,237.0,235.7,239.3,246.2,256.4,261.3,263.3,263.3,260.5,255.6,254.4,257.3,254.8,248.3,241.6,238.7,241.2,247.7,253.6,240.7,235.7,241.4,254.6,267.5,272.5,267.7,258.0,249.4,244.2,242.7,246.5,252.1,261.3,266.3,268.7,269.2,267.3,264.0,260.5,263.4,260.9,254.5,248.0,245.1,247.6,253.9,-25.8,-23.9,-19.6,-15.5,-13.9,-15.4,-19.9,-24.1,-30.6,-27.8,-24.1,-19.6,-15.0,-11.8,-9.5,-12.7,-16.7,-20.8,-24.6,-28.0,-21.8,-19.7,-17.7,-16.8,-17.5,-19.5,-21.6,-22.5,34.7,36.6,40.9,45.1,46.7,44.8,40.5,36.0,30.8,32.8,35.9,40.6,45.6,49.7,52.8,49.5,45.5,41.3,37.0,33.3,38.6,40.7,42.8,43.8,43.0,40.9,38.8,37.8,2.4,-1.9,-3.5,-1.6,2.7,7.3,8.7,6.8,2.7,0.3,-1.0,-1.3,-0.2,2.0,5.2,6.7,7.3,7.4,6.6,5.1,4.6,5.5,4.7,2.6,0.5,-0.4,0.4,2.5,4.4,0.2,-1.4,0.5,4.8,9.0,10.6,9.0,5.9,3.1,1.4,0.9,2.1,4.0,7.1,8.7,9.4,9.5,8.8,7.8,6.7,7.7,6.9,4.8,2.6,1.7,2.5,4.6,160.7,159.8,158.5,157.5,157.4,158.4,159.5,160.5,165.2,161.6,158.3,156.1,155.9,156.9,158.5,157.8,157.3,158.0,159.8,162.4,160.5,160.0,159.4,159.0,159.1,159.6,160.2,160.6,162.6,162.8,163.3,163.6,163.7,163.5,163.0,162.9,164.4,162.9,161.7,161.3,162.7,165.1,167.8,165.4,163.3,161.8,161.7,163.0,163.7,163.9,164.1,164.2,164.2,164.0,163.8,163.7
184,0,6.100,0.98,1,0.036053,-0.100200,-0.994314,-0.139213,-0.122730,-0.982628,-0.052,-0.112,239.9,245.4,258.2,270.7,275.7,271.3,257.4,244.8,227.3,234.0,243.9,257.2,271.6,282.4,290.2,279.9,267.1,254.3,242.9,233.7,252.3,258.3,264.5,267.2,264.8,258.8,252.6,249.9,426.6,432.2,445.1,457.7,462.6,457.0,444.1,430.5,413.8,420.7,430.9,445.6,460.2,470.7,477.3,469.6,459.6,447.8,434.5,422.3,437.9,444.1,450.5,453.3,450.9,444.7,438.3,435.5,247.5,234.1,228.8,234.9,248.7,263.1,267.4,261.3,248.1,240.8,237.0,235.7,239.4,246.3,256.4,261.4,263.2,263.2,260.5,255.6,254.4,257.3,254.8,248.4,241.7,238.8,241.3,247.7,253.7,240.8,235.7,241.4,254.6,267.5,272.6,267.8,258.0,249.4,244.3,242.8,246.5,252.2,261.3,266.3,268.7,269.2,267.3,264.0,260.6,263.4,260.9,254.5,248.0,245.1,247.6,254.0,-25.7,-23.8,-19.5,-15.5,-13.9,-15.4,-19.9,-24.1,-30.6,-27.7,-24.0,-19.5,-15.0,-11.7,-9.4,-12.6,-16.6,-20.7,-24.6,-28.0,-21.7,-19.7,-17.6,-16.7,-17.5,-19.5,-21.5,-22.4,34.6,36.5,40.8,45.0,46.6,44.7,40.4,36.0,30.8,32.8,35.8,40.5,45.6,49.7,52.7,49.4,45.5,41.3,37.0,33.3,38.6,40.7,42.8,43.8,43.0,40.9,38.7,37.8,2.4,-1.9,-3.5,-1.6,2.7,7.3,8.7,6.8,2.7,0.3,-1.0,-1.3,-0.2,2.0,5.2,6.7,7.3,7.3,6.5,5.1,4.6,5.5,4.7,2.6,0.5,-0.4,0.4,2.5,4.4,0.3,-1.4,0.5,4.8,9.0,10.6,9.0,5.9,3.1,1.4,0.9,2.1,4.0,7.1,8.7,9.4,9.5,8.8,7.8,6.7,7.7,6.9,4.8,2.6,1.7,2.5,4.6,160.2,159.4,158.0,156.9,156.7,157.7,158.9,160.0,164.9,161.2,157.8,155.5,155.2,156.2,157.7,157.1,156.7,157.4,159.2,162.0,160.0,159.5,158.8,158.4,158.5,159.1,159.7,160.1,162.5,162.8,163.2,163.5,163.5,163.3,162.9,162.8,164.3,162.8,161.6,161.2,162.6,164.9,167.6,165.3,163.1,161.6,161.6,162.9,163.6,163.8,164.0,164.1,164.1,163.9,163.7,163.6
185,0,6.133,0.98,1,0.033281,-0.102123,-0.994215,-0.138599,-0.125117,-0.982413,-0.053,-0.114,239.8,245.3,258.1,270.7,275.6,271.2,257.3,244.7,227.2,233.9,243.9,257.2,271.7,282.5,290.2,279.8,267.1,254.3,242.9,233.7,252.1,258.3,264.5,267.2,264.8,258.7,252.4,249.7,426.5,432.1,445.1,457.7,462.6,456.9,444.0,430.4,413.6,420.6,430.8,445.6,460.2,470.6,477.3,469.6,459.5,447.8,434.4,422.1,437.7,444.0,450.5,453.3,450.9,444.6,438.1,435.3,247.4,234.0,228.8,234.9,248.7,263.1,267.3,261.2,248.0,240.9,237.0,235.8,239.5,246.4,256.5,261.4,263.2,263.2,260.5,255.6,254.4,257.3,254.8,248.3,241.6,238.6,241.1,247.6,253.5,240.6,235.5,241.3,254.5,267.5,272.5,267.7,257.9,249.3,244.1,242.6,246.4,252.1,261.3,266.3,268.7,269.2,267.3,264.0,260.5,263.4,260.9,254.5,247.9,245.0,247.5,253.9,-25.7,-23.8,-19.6,-15.5,-13.9,-15.4,-19.9,-24.1,-30.6,-27.7,-24.0,-19.5,-15.0,-11.7,-9.4,-12.6,-16.6,-20.7,-24.6,-28.0,-21.7,-19.7,-17.6,-16.7,-17.5,-19.5,-21.6,-22.5,34.5,36.4,40.7,44.9,46.5,44.6,40.2,35.8,30.6,32.6,35.7,40.4,45.4,49.5,52.6,49.3,45.4,41.2,36.8,33.1,38.4,40.5,42.6,43.6,42.8,40.7,38.5,37.6,2.4,-1.9,-3.5,-1.6,2.7,7.3,8.7,6.8,2.7,0.3,-0.9,-1.3,-0.2,2.0,5.2,6.7,7.3,7.3,6.5,5.0,4.6,5.5,4.7,2.6,0.5,-0.4,0.4,2.4,4.4,0.2,-1.5,0.4,4.7,8.9,10.5,9.0,5.9,3.0,1.3,0.8,2.1,4.0,7.1,8.7,9.3,9.4,8.8,7.8,6.7,7.6,6.8,4.7,2.6,1.6,2.4,4.5,160.2,159.4,158.0,157.0,156.8,157.9,159.0,160.1,164.9,161.2,157.8,155.6,155.3,156.3,157.9,157.2,156.8,157.5,159.3,162.0,160.1,159.6,158.9,158.5,158.6,159.1,159.8,160.2,161.9,162.2,162.6,162.9,163.0,162.7,162.2,162.2,163.7,162.2,161.0,160.7,162.1,164.4,167.1,164.7,162.5,161.1,161.0,162.3,163.0,163.2,163.4,163.5,163.5,163.4,163.1,163.0
186,0,6.167,0.98,1,0.035322,-0.103990,-0.993951,-0.138718,-0.122411,-0.982737,-0.052,-0.114,239.8,245.3,258.0,270.6,275.6,271.3,257.4,244.8,227.3,233.9,243.8,257.1,271.7,282.5,290.3,279.8,266.9,254.0,242.7,233.6,252.2,258.3,264.5,267.2,264.8,258.7,252.5,249.8,426.5,432.2,445.1,457.7,462.7,457.0,444.1,430.4,413.6,420.6,430.8,445.7,460.3,470.7,477.3,469.6,459.6,447.8,434.4,422.2,437.8,444.1,450.5,453.3,450.9,444.6,438.2,435.4,247.5,233.9,228.6,234.7,248.5,263.0,267.3,261.3,248.0,240.8,236.9,235.8,239.5,246.4,256.5,261.4,263.2,263.2,260.4,255.5,254.4,257.3,254.8,248.2,241.5,238.5,241.1,247.6,253.5,240.6,235.5,241.3,254.5,267.4,272.5,267.7,257.8,249.2,244.0,242.5,246.3,252.0,261.3,266.2,268.6,269.1,267.1,263.8,260.5,263.4,260.9,254.4,247.9,245.0,247.4,253.9,-25.6,-23.7,-19.5,-15.4,-13.8,-15.3,-19.8,-24.0,-30.5,-27.6,-24.0,-19.5,-14.9,-11.7,-9.3,-12.6,-16.6,-20.7,-24.5,-27.9,-21.6,-19.6,-17.5,-16.6,-17.4,-19.4,-21.5,-22.4,34.5,36.4,40.7,44.9,46.5,44.6,40.3,35.8,30.7,32.7,35.7,40.4,45.5,49.6,52.6,49.3,45.4,41.2,36.8,33.2,38.4,40.5,42.7,43.6,42.8,40.7,38.6,37.6,2.4,-1.9,-3.6,-1.7,2.6,7.2,8.6,6.8,2.6,0.3,-1.0,-1.3,-0.1,2.0,5.2,6.7,7.2,7.3,6.5,5.0,4.6,5.5,4.7,2.6,0.5,-0.5,0.3,2.4,4.4,0.2,-1.5,0.4,4.7,8.9,10.5,9.0,5.8,3.0,1.3,0.8,2.0,4.0,7.1,8.6,9.3,9.4,8.7,7.7,6.7,7.6,6.8,4.7,2.6,1.6,2.4,4.5,159.5,158.7,157.3,156.2,155.9,156.9,158.1,159.3,164.2,160.5,157.1,154.8,154.4,155.3,156.8,156.2,155.8,156.6,158.5,161.3,159.2,158.7,158.0,157.6,157.8,158.3,159.0,159.4,161.9,162.3,162.7,163.0,163.0,162.7,162.3,162.2,163.7,162.3,161.1,160.7,162.1,164.4,167.1,164.7,162.5,161.1,161.0,162.3,163.0,163.2,163.4,163.6,163.6,163.4,163.2,163.0
187,0,6.200,0.98,1,0.032922,-0.104733,-0.993955,-0.135051,-0.125782,-0.982823,-0.052,-0.116,239.9,245.4,258.1,270.6,275.6,271.3,257.4,244.9,227.3,233.9,243.9,257.4,272.0,282.6,290.2,279.9,267.2,254.3,243.0,233.7,252.2,258.3,264.5,267.2,264.8,258.7,252.5,249.8,426.5,432.2,445.2,457.9,462.9,457.3,444.3,430.5,413.7,420.7,430.9,445.7,460.3,470.7,477.3,469.6,459.6,447.8,434.4,422.2,437.9,444.2,450.8,453.6,451.1,444.8,438.2,435.4,247.2,233.9,228.7,234.7,248.4,262.7,267.0,261.0,248.0,240.8,236.9,235.7,239.4,246.3,256.4,261.2,263.0,263.0,260.3,255.4,254.1,257.1,254.6,248.1,241.4,238.4,240.9,247.4,253.4,240.4,235.3,241.0,254.2,267.2,272.4,267.6,257.8,249.2,244.0,242.6,246.3,252.0,261.1,266.0,268.4,268.9,267.0,263.7,260.3,263.2,260.7,254.2,247.5,244.6,247.2,253.7,-25.7,-23.8,-19.6,-15.5,-13.9,-15.4,-19.9,-24.1,-30.6,-27.8,-24.0,-19.5,-14.9,-11.7,-9.4,-12.6,-16.6,-20.7,-24.6,-28.0,-21.7,-19.7,-17.7,-16.8,-17.5,-19.5,-21.6,-22.5,34.5,36.4,40.7,44.9,46.6,44.7,40.3,35.9,30.7,32.7,35.7,40.4,45.4,49.5,52.5,49.3,45.4,41.2,36.8,33.2,38.4,40.5,42.7,43.7,42.9,40.7,38.6,37.6,2.3,-2.0,-3.6,-1.7,2.6,7.2,8.6,6.7,2.6,0.3,-1.0,-1.3,-0.2,2.0,5.2,6.7,7.2,7.2,6.5,5.0,4.5,5.5,4.6,2.6,0.4,-0.5,0.3,2.4,4.3,0.1,-1.5,0.3,4.6,8.9,10.5,8.9,5.8,3.0,1.3,0.8,2.0,3.9,7.1,8.6,9.2,9.3,8.7,7.7,6.6,7.6,6.8,4.6,2.5,1.5,2.3,4.5,160.5,159.6,158.3,157.2,157.1,158.1,159.3,160.3,165.1,161.4,158.1,155.8,155.6,156.6,158.2,157.5,157.1,157.8,159.6,162.3,160.3,159.8,159.2,158.8,158.9,159.4,160.0,160.4,161.9,162.1,162.5,162.8,162.9,162.7,162.3,162.2,163.8,162.3,161.0,160.6,162.0,164.3,167.0,164.7,162.6,161.2,161.1,162.4,163.0,163.2,163.4,163.5,163.5,163.3,163.1,163.0
188,0,6.233,0.98,1,0.037382,-0.102290,-0.994052,-0.136469,-0.123027,-0.982975,-0.050,-0.113,240.1,245.5,258.3,270.9,275.9,271.6,257.8,245.2,227.2,234.0,244.1,257.6,272.1,282.7,290.2,280.0,267.4,254.7,243.3,233.9,252.5,258.6,264.8,267.4,265.0,258.9,252.7,250.0,426.7,432.4,445.4,458.1,463.1,457.4,444.4,430.7,414.0,420.7,430.8,445.8,460.6,471.1,477.7,469.9,459.8,447.9,434.4,422.4,438.1,444.5,451.0,453.9,451.4,445.0,438.4,435.6,247.1,233.8,228.6,234.6,248.2,262.5,266.7,260.8,247.9,240.6,236.8,235.5,239.1,245.8,255.9,260.8,262.7,262.8,260.1,255.3,253.9,256.8,254.3,247.8,241.2,238.3,240.8,247.2,253.4,240.4,235.3,241.0,254.2,267.2,272.3,267.5,257.8,249.1,243.9,242.5,246.3,251.8,260.9,265.9,268.3,269.0,267.0,263.7,260.2,263.1,260.5,254.0,247.4,244.5,247.0,253.6,-25.7,-23.9,-19.6,-15.5,-13.9,-15.4,-19.9,-24.1,-30.8,-27.9,-24.1,-19.5,-15.0,-11.8,-9.5,-12.7,-16.6,-20.7,-24.6,-28.1,-21.8,-19.7,-17.7,-16.8,-17.6,-19.6,-21.6,-22.5,34.5,36.3,40.6,44.8,46.5,44.7,40.4,35.9,30.8,32.7,35.6,40.3,45.4,49.5,52.6,49.3,45.4,41.2,36.9,33.3,38.5,40.6,42.7,43.7,42.8,40.7,38.6,37.6,2.3,-2.0,-3.6,-1.7,2.6,7.1,8.6,6.7,2.6,0.2,-1.0,-1.4,-0.3,1.8,5.1,6.6,7.2,7.2,6.4,5.0,4.5,5.4,4.6,2.5,0.4,-0.5,0.3,2.3,4.3,0.1,-1.5,0.3,4.6,8.8,10.5,8.9,5.8,2.9,1.2,0.8,2.0,3.9,7.0,8.5,9.2,9.3,8.7,7.7,6.6,7.5,6.7,4.6,2.4,1.5,2.3,4.4,161.2,160.3,159.0,158.1,158.1,159.2,160.2,161.1,165.7,162.1,158.7,156.6,156.4,157.5,159.2,158.5,158.0,158.6,160.3,162.9,161.1,160.7,160.1,159.7,159.7,160.2,160.8,161.2,161.7,161.7,162.0,162.3,162.5,162.5,162.3,162.2,163.8,162.1,160.8,160.2,161.5,163.9,166.7,164.5,162.5,161.2,161.1,162.5,162.9,163.0,163.2,163.2,163.1,162.9,162.8,162.8
189,0,6.267,0.98,1,0.046590,-0.104182,-0.993466,-0.137181,-0.127194,-0.982346,-0.046,-0.117,240.4,245.8,258.5,271.1,276.3,272.0,258.2,245.5,227.2,234.0,244.1,257.5,272.0,282.5,290.0,280.0,267.6,254.9,243.4,234.0,252.8,258.9,265.0,267.6,265.1,259.1,253.0,250.4,427.0,432.7,445.7,458.4,463.4,457.7,444.7,431.0,414.3,421.1,431.2,446.1,461.0,471.5,478.0,470.3,460.1,448.2,434.7,422.7,438.4,444.7,451.2,454.1,451.6,445.3,438.8,436.0,246.9,233.6,228.4,234.4,247.9,262.0,266.4,260.5,247.8,240.6,236.8,235.4,238.9,245.7,255.8,260.5,262.4,262.5,259.9,255.1,253.5,256.3,253.8,247.5,241.0,238.2,240.6,247.0,253.1,240.1,234.9,240.6,253.8,266.8,272.0,267.2,257.4,248.8,243.7,242.4,246.3,251.8,260.9,265.7,268.1,268.7,266.7,263.3,259.8,262.7,260.1,253.7,247.1,244.2,246.7,253.2,-25.8,-23.9,-19.7,-15.5,-13.9,-15.4,-19.9,-24.1,-30.9,-28.0,-24.2,-19.7,-15.1,-11.9,-9.6,-12.7,-16.7,-20.8,-24.7,-28.2,-21.8,-19.7,-17.7,-16.8,-17.6,-19.6,-21.7,-22.5,34.6,36.4,40.7,44.9,46.6,44.8,40.5,36.0,30.9,32.8,35.7,40.4,45.5,49.6,52.7,49.4,45.5,41.3,37.0,33.4,38.6,40.7,42.8,43.7,42.9,40.8,38.7,37.8,2.2,-2.0,-3.7,-1.8,2.5,7.1,8.5,6.6,2.6,0.2,-1.0,-1.4,-0.4,1.8,5.1,6.5,7.1,7.2,6.4,4.9,4.4,5.3,4.5,2.4,0.3,-0.6,0.2,2.3,4.2,0.0,-1.7,0.2,4.5,8.7,10.4,8.8,5.7,2.8,1.2,0.8,2.0,3.9,6.9,8.5,9.1,9.2,8.6,7.6,6.4,7.4,6.6,4.5,2.3,1.4,2.2,4.3,161.9,161.0,159.8,159.0,159.0,160.1,161.1,161.9,166.5,162.9,159.6,157.5,157.4,158.5,160.2,159.6,159.0,159.5,161.3,163.8,161.9,161.5,161.0,160.6,160.5,160.9,161.5,161.9,161.8,161.7,161.9,162.3,162.5,162.6,162.3,162.3,163.8,162.1,160.7,160.2,161.5,163.8,166.6,164.5,162.5,161.1,161.1,162.5,162.9,163.1,163.2,163.2,163.1,162.9,162.8,162.8
190,0,6.300,0.98,1,0.045488,-0.101400,-0.993805,-0.137523,-0.126778,-0.982352,-0.047,-0.115,240.5,245.8,258.5,271.2,276.3,272.0,258.2,245.6,227.3,234.1,244.2,257.7,272.1,282.6,290.1,280.1,267.7,255.0,243.6,234.1,252.9,258.9,265.1,267.7,265.2,259.1,253.0,250.4,427.0,432.7,445.7,458.4,463.4,457.8,444.8,431.0,414.3,421.2,431.4,446.3,460.9,471.4,478.0,470.3,460.1,448.3,434.8,422.7,438.5,444.8,451.2,454.0,451.6,445.3,438.9,436.1,246.8,233.6,228.5,234.4,247.9,261.9,266.2,260.3,247.5,240.3,236.5,235.2,238.6,245.4,255.5,260.3,262.3,262.4,259.7,254.9,253.3,256.2,253.7,247.4,240.9,238.0,240.5,246.8,252.9,239.9,234.7,240.4,253.6,266.7,271.8,267.0,257.3,248.5,243.4,242.0,245.8,251.5,260.6,265.6,268.0,268.5,266.5,263.2,259.6,262.5,260.0,253.6,247.0,244.2,246.7,253.1,-25.8,-23.9,-19.7,-15.6,-13.9,-15.4,-19.9,-24.1,-30.9,-28.0,-24.2,-19.7,-15.1,-11.9,-9.6,-12.8,-16.7,-20.8,-24.7,-28.2,-21.8,-19.8,-17.7,-16.8,-17.6,-19.6,-21.7,-22.6,34.7,36.5,40.8,45.0,46.7,44.8,40.5,36.0,30.9,32.8,35.9,40.5,45.6,49.7,52.7,49.5,45.5,41.3,37.0,33.4,38.6,40.7,42.8,43.8,43.0,40.9,38.8,37.8,2.2,-2.1,-3.7,-1.8,2.5,7.0,8.5,6.6,2.5,0.1,-1.1,-1.5,-0.4,1.7,5.0,6.5,7.1,7.2,6.4,4.9,4.3,5.2,4.4,2.4,0.3,-0.6,0.2,2.2,4.2,-0.0,-1.7,0.1,4.4,8.7,10.3,8.8,5.7,2.8,1.1,0.7,1.9,3.8,6.9,8.4,9.1,9.2,8.6,7.5,6.4,7.3,6.5,4.4,2.3,1.4,2.2,4.3,162.2,161.2,160.0,159.2,159.3,160.5,161.5,162.3,166.7,163.1,159.8,157.7,157.7,158.8,160.6,160.0,159.4,159.9,161.6,164.1,162.3,161.9,161.3,160.9,160.8,161.2,161.8,162.2,161.9,162.0,162.3,162.6,162.7,162.6,162.3,162.3,163.8,162.3,161.0,160.4,161.8,164.1,166.8,164.6,162.5,161.1,161.1,162.5,163.0,163.1,163.3,163.4,163.3,163.2,163.0,162.9
191,0,6.333,0.98,1,0.046481,-0.100204,-0.993881,-0.137199,-0.128702,-0.982147,-0.046,-0.115,240.7,246.0,258.6,271.2,276.3,272.0,258.3,245.8,227.4,234.1,244.3,257.8,272.2,282.6,289.9,280.1,267.8,255.1,243.7,234.2,252.9,259.0,265.1,267.7,265.2,259.2,253.1,250.5,427.2,432.8,445.8,458.5,463.5,457.9,444.9,431.2,414.3,421.3,431.5,446.4,461.1,471.6,478.1,470.4,460.2,448.4,434.9,422.8,438.7,444.9,451.2,454.0,451.6,445.4,439.0,436.2,246.6,233.6,228.5,234.4,247.8,261.7,265.9,260.0,247.5,240.1,236.3,234.9,238.4,245.2,255.4,260.1,262.1,262.2,259.6,254.7,253.1,256.0,253.6,247.3,240.8,238.0,240.4,246.7,252.7,239.7,234.5,240.2,253.4,266.5,271.6,266.9,257.1,248.4,243.2,241.9,245.7,251.3,260.4,265.4,267.8,268.4,266.4,263.0,259.4,262.2,259.7,253.3,246.9,244.1,246.6,252.9,-25.8,-24.0,-19.7,-15.6,-14.0,-15.5,-20.0,-24.2,-31.0,-28.1,-24.3,-19.7,-15.2,-11.9,-9.7,-12.8,-16.7,-20.9,-24.8,-28.3,-21.9,-19.9,-17.8,-16.9,-17.7,-19.7,-21.7,-22.7,34.7,36.5,40.8,45.0,46.7,44.8,40.5,36.1,30.9,32.9,35.9,40.5,45.6,49.7,52.8,49.5,45.6,41.4,37.0,33.4,38.7,40.7,42.9,43.8,43.0,40.9,38.8,37.9,2.2,-2.1,-3.7,-1.8,2.5,7.0,8.4,6.5,2.5,0.0,-1.2,-1.6,-0.5,1.7,5.0,6.5,7.1,7.1,6.4,4.9,4.3,5.2,4.4,2.4,0.3,-0.7,0.1,2.2,4.1,-0.1,-1.8,0.1,4.4,8.6,10.3,8.7,5.6,2.7,1.0,0.6,1.8,3.7,6.8,8.4,9.0,9.1,8.5,7.5,6.3,7.3,6.4,4.4,2.2,1.3,2.1,4.2,162.9,161.9,160.7,160.0,160.2,161.4,162.3,163.1,167.5,163.9,160.6,158.5,158.5,159.7,161.6,160.9,160.3,160.8,162.4,164.9,163.1,162.7,162.1,161.7,161.6,161.9,162.5,163.0,161.8,161.9,162.2,162.5,162.7,162.6,162.3,162.2,163.8,162.2,160.9,160.4,161.7,164.1,166.8,164.6,162.5,161.1,161.1,162.4,162.9,163.1,163.3,163.3,163.2,163.1,162.9,162.9
192,0,6.367,0.98,1,0.047273,-0.105424,-0.993303,-0.135164,-0.130593,-0.982179,-0.044,-0.119,240.7,246.0,258.6,271.2,276.3,272.1,258.4,245.9,227.5,234.2,244.3,257.8,272.2,282.7,290.0,280.2,267.8,255.1,243.6,234.2,253.0,259.1,265.2,267.8,265.3,259.3,253.2,250.6,427.2,432.8,445.8,458.5,463.6,458.0,445.0,431.3,414.4,421.3,431.6,446.5,461.1,471.6,478.0,470.4,460.3,448.5,435.0,422.8,438.7,445.0,451.3,454.1,451.6,445.4,439.0,436.3,246.5,233.4,228.2,234.0,247.4,261.5,265.8,260.0,247.4,240.0,236.1,234.8,238.4,245.3,255.6,260.1,261.9,261.9,259.3,254.6,253.0,255.9,253.4,247.1,240.6,237.8,240.2,246.6,252.6,239.6,234.3,240.0,253.2,266.2,271.5,266.7,257.1,248.3,243.1,241.7,245.4,251.0,260.1,265.2,267.6,268.2,266.3,263.0,259.3,262.1,259.5,253.1,246.6,243.9,246.4,252.8,-25.7,-23.9,-19.7,-15.6,-13.9,-15.4,-19.9,-24.1,-30.9,-28.1,-24.3,-19.7,-15.1,-11.9,-9.6,-12.8,-16.7,-20.8,-24.7,-28.2,-21.7,-19.7,-17.7,-16.8,-17.6,-19.6,-21.6,-22.5,34.7,36.5,40.8,45.0,46.7,44.9,40.5,36.1,30.9,32.8,35.9,40.5,45.6,49.7,52.7,49.5,45.6,41.4,37.0,33.4,38.7,40.7,42.8,43.8,42.9,40.9,38.7,37.8,2.1,-2.1,-3.8,-1.9,2.4,6.9,8.3,6.5,2.5,0.0,-1.3,-1.7,-0.5,1.7,5.0,6.4,7.0,7.0,6.2,4.8,4.2,5.1,4.3,2.3,0.2,-0.7,0.1,2.1,4.1,-0.1,-1.8,-0.0,4.3,8.5,10.2,8.7,5.6,2.7,1.0,0.5,1.7,3.6,6.7,8.3,9.0,9.1,8.5,7.5,6.3,7.2,6.4,4.3,2.2,1.3,2.1,4.2,162.3,161.4,160.2,159.4,159.4,160.6,161.5,162.4,167.0,163.5,160.1,158.0,157.9,159.1,160.8,160.1,159.6,160.1,161.8,164.4,162.4,162.0,161.4,161.0,161.0,161.4,161.9,162.4,161.6,161.7,162.1,162.5,162.6,162.5,162.1,162.0,163.5,162.0,160.7,160.2,161.6,164.0,166.8,164.6,162.5,161.0,160.9,162.2,162.8,162.9,163.1,163.2,163.1,162.9,162.8,162.7
193,0,6.400,0.98,1,0.047339,-0.110067,-0.992796,-0.133192,-0.129171,-0.982637,-0.043,-0.121,240.8,246.1,258.7,271.3,276.4,272.2,258.5,245.9,227.7,234.3,244.3,257.7,272.1,282.7,290.3,280.3,267.8,255.0,243.6,234.2,253.2,259.2,265.2,267.8,265.4,259.4,253.3,250.8,427.4,433.0,445.9,458.6,463.7,458.1,445.1,431.4,414.3,421.3,431.6,446.5,461.1,471.6,478.1,470.5,460.3,448.4,434.9,422.8,438.8,445.1,451.4,454.2,451.7,445.5,439.2,436.4,246.3,233.1,227.8,233.6,247.0,261.2,265.6,259.8,247.4,240.0,235.9,234.5,238.1,245.1,255.2,259.9,261.7,261.8,259.3,254.6,252.8,255.6,253.1,246.8,240.3,237.6,240.1,246.4,252.5,239.5,234.3,239.9,253.1,266.1,271.3,266.5,256.9,248.2,242.9,241.5,245.2,250.8,259.9,265.0,267.5,268.0,266.1,262.8,259.1,261.9,259.4,253.0,246.5,243.7,246.3,252.6,-25.6,-23.8,-19.6,-15.5,-13.8,-15.3,-19.8,-24.0,-30.8,-27.9,-24.2,-19.6,-15.1,-11.8,-9.5,-12.7,-16.6,-20.7,-24.6,-28.1,-21.6,-19.6,-17.6,-16.8,-17.5,-19.5,-21.5,-22.4,34.7,36.5,40.8,45.1,46.8,44.9,40.6,36.1,30.9,32.8,35.9,40.6,45.6,49.8,52.8,49.6,45.6,41.4,37.0,33.4,38.7,40.8,42.9,43.8,43.0,40.9,38.8,37.9,2.1,-2.2,-3.9,-2.0,2.2,6.8,8.2,6.4,2.5,-0.0,-1.3,-1.7,-0.6,1.6,4.9,6.3,6.9,6.9,6.2,4.8,4.2,5.0,4.2,2.2,0.1,-0.8,0.0,2.1,4.0,-0.2,-1.9,-0.0,4.3,8.5,10.2,8.6,5.5,2.7,0.9,0.5,1.7,3.5,6.7,8.2,8.9,9.0,8.4,7.4,6.2,7.1,6.3,4.2,2.1,1.2,2.0,4.1,161.8,161.1,159.8,158.9,158.8,159.8,160.8,161.7,166.6,163.1,159.7,157.5,157.3,158.4,160.0,159.3,158.8,159.4,161.2,163.8,161.8,161.3,160.8,160.4,160.5,160.9,161.5,161.8,161.7,161.8,162.1,162.5,162.7,162.6,162.3,162.1,163.7,162.1,160.8,160.3,161.7,164.1,166.9,164.7,162.6,161.2,161.1,162.4,162.9,163.0,163.2,163.3,163.2,163.0,162.8,162.8
194,0,6.433,0.98,1,0.044334,-0.108227,-0.993137,-0.133871,-0.123441,-0.983281,-0.045,-0.117,241.1,246.4,259.0,271.6,276.7,272.5,258.7,246.2,227.9,234.6,244.6,258.0,272.4,283.1,290.9,280.7,268.2,255.4,243.9,234.5,253.5,259.5,265.5,268.1,265.7,259.7,253.6,251.1,427.8,433.5,446.5,459.1,464.0,458.3,445.3,431.7,414.9,421.7,432.0,446.8,461.5,472.0,478.5,470.9,460.6,448.7,435.3,423.2,439.2,445.4,451.8,454.6,452.2,446.0,439.6,436.8,246.4,233.0,227.7,233.6,247.1,261.3,265.7,259.9,247.3,240.0,235.9,234.6,238.2,245.1,255.2,259.9,261.7,261.7,259.2,254.6,252.9,255.7,253.2,246.8,240.4,237.6,240.1,246.4,252.6,239.7,234.6,240.3,253.5,266.4,271.5,266.6,256.8,248.2,243.0,241.7,245.4,251.0,260.0,265.1,267.6,268.1,266.1,262.7,259.2,262.1,259.6,253.3,246.8,243.9,246.4,252.8,-25.4,-23.6,-19.4,-15.3,-13.7,-15.1,-19.6,-23.8,-30.6,-27.7,-24.0,-19.4,-14.9,-11.6,-9.3,-12.4,-16.4,-20.5,-24.4,-27.9,-21.4,-19.4,-17.4,-16.6,-17.4,-19.3,-21.3,-22.2,35.0,36.8,41.1,45.3,47.0,45.1,40.8,36.4,31.2,33.1,36.1,40.8,45.9,50.0,53.1,49.9,45.9,41.7,37.3,33.7,39.0,41.0,43.2,44.1,43.3,41.2,39.1,38.1,2.1,-2.2,-3.9,-2.0,2.2,6.8,8.2,6.4,2.4,-0.0,-1.3,-1.7,-0.6,1.6,4.8,6.3,6.8,6.9,6.2,4.7,4.2,5.0,4.2,2.2,0.1,-0.8,0.0,2.1,4.1,-0.1,-1.7,0.1,4.4,8.6,10.2,8.7,5.5,2.7,1.0,0.5,1.8,3.6,6.7,8.3,9.0,9.1,8.5,7.4,6.3,7.2,6.4,4.3,2.2,1.3,2.1,4.2,161.2,160.4,159.2,158.2,158.1,159.1,160.1,161.1,166.0,162.4,159.0,156.7,156.5,157.6,159.2,158.5,158.0,158.6,160.4,163.1,161.1,160.7,160.1,159.7,159.8,160.2,160.8,161.2,162.2,162.2,162.5,162.8,163.1,163.1,162.9,162.8,164.4,162.7,161.3,160.8,162.1,164.5,167.4,165.2,163.2,161.8,161.8,163.1,163.4,163.6,163.7,163.7,163.6,163.4,163.3,163.3
195,0,6.467,0.98,1,0.046941,-0.110266,-0.992793,-0.136145,-0.122158,-0.983129,-0.045,-0.117,241.5,246.8,259.4,271.9,276.9,272.7,259.0,246.5,228.2,234.9,244.9,258.2,272.5,283.3,291.2,281.0,268.4,255.7,244.2,234.8,253.9,259.8,265.8,268.4,266.0,260.1,254.1,251.5,427.9,433.7,446.7,459.4,464.3,458.5,445.5,431.8,415.0,421.9,432.1,447.0,461.7,472.3,479.0,471.3,461.0,449.1,435.5,423.4,439.3,445.6,452.1,455.0,452.6,446.3,439.8,436.9,246.3,233.0,227.7,233.5,247.1,261.3,265.7,259.9,247.1,239.9,235.9,234.5,238.2,245.2,255.2,260.0,261.7,261.8,259.3,254.5,252.9,255.7,253.2,246.8,240.4,237.6,240.1,246.5,252.7,239.8,234.7,240.5,253.7,266.7,271.7,266.8,256.7,248.2,243.1,241.7,245.4,251.1,260.3,265.3,267.6,268.1,266.2,262.8,259.6,262.5,260.0,253.6,247.0,244.1,246.5,253.0,-25.3,-23.5,-19.3,-15.2,-13.6,-15.0,-19.5,-23.6,-30.5,-27.6,-23.9,-19.4,-14.9,-11.6,-9.2,-12.3,-16.3,-20.4,-24.3,-27.8,-21.3,-19.3,-17.3,-16.5,-17.2,-19.2,-21.2,-22.1,34.9,36.8,41.1,45.3,46.9,45.0,40.7,36.3,31.1,33.1,36.1,40.7,45.8,50.0,53.0,49.8,45.8,41.6,37.2,33.6,38.9,40.9,43.1,44.1,43.3,41.2,39.0,38.1,2.0,-2.2,-3.9,-2.1,2.2,6.8,8.2,6.4,2.4,-0.0,-1.3,-1.7,-0.6,1.6,4.8,6.3,6.9,6.9,6.2,4.7,4.2,5.0,4.2,2.2,0.1,-0.8,0.0,2.1,4.1,-0.1,-1.7,0.2,4.5,8.7,10.3,8.7,5.5,2.7,1.0,0.5,1.8,3.6,6.8,8.3,9.0,9.1,8.4,7.4,6.4,7.3,6.5,4.4,2.3,1.3,2.1,4.2,161.1,160.4,159.1,158.1,157.9,158.8,159.9,160.9,166.0,162.3,158.9,156.7,156.4,157.4,158.9,158.2,157.7,158.3,160.2,162.9,161.0,160.5,159.9,159.5,159.6,160.1,160.7,161.1,161.8,161.9,162.2,162.4,162.6,162.5,162.2,162.1,163.9,162.3,161.0,160.4,161.7,164.0,166.7,164.5,162.4,161.1,161.1,162.5,162.9,163.0,163.1,163.2,163.1,163.0,162.9,162.8
196,0,6.500,0.98,1,0.043295,-0.109229,-0.993073,-0.136389,-0.120279,-0.983326,-0.047,-0.116,241.6,247.0,259.6,272.1,277.2,273.0,259.2,246.7,228.4,235.2,245.1,258.4,272.8,283.7,291.6,281.3,268.6,255.9,244.4,235.0,254.1,260.0,266.0,268.6,266.2,260.3,254.2,251.7,428.1,433.8,446.8,459.5,464.4,458.6,445.6,432.0,415.2,422.2,432.4,447.2,461.8,472.4,479.1,471.3,461.0,449.0,435.5,423.5,439.5,445.7,452.2,455.1,452.7,446.4,439.9,437.0,246.3,232.9,227.5,233.4,247.0,261.3,265.8,259.9,247.1,239.8,235.7,234.3,238.0,245.0,255.1,259.9,261.7,261.7,259.2,254.5,252.9,255.7,253.2,246.8,240.3,237.5,240.0,246.4,252.7,239.9,234.8,240.6,253.8,266.6,271.7,266.8,256.7,248.2,243.0,241.7,245.5,251.1,260.3,265.3,267.7,268.1,266.1,262.7,259.6,262.5,260.0,253.6,247.0,244.1,246.6,253.0,-25.2,-23.3,-19.2,-15.1,-13.5,-14.9,-19.4,-23.5,-30.3,-27.4,-23.7,-19.2,-14.7,-11.4,-9.0,-12.2,-16.2,-20.2,-24.1,-27.6,-21.2,-19.2,-17.2,-16.3,-17.1,-19.1,-21.1,-21.9,35.1,37.0,41.2,45.4,47.1,45.2,40.9,36.5,31.3,33.3,36.3,40.9,46.0,50.2,53.2,49.9,45.9,41.7,37.4,33.7,39.0,41.1,43.3,44.2,43.4,41.3,39.2,38.2,2.0,-2.3,-4.0,-2.1,2.2,6.8,8.2,6.4,2.3,-0.1,-1.4,-1.8,-0.6,1.6,4.8,6.3,6.8,6.9,6.1,4.7,4.1,5.0,4.2,2.2,0.1,-0.8,0.0,2.1,4.1,-0.0,-1.7,0.2,4.5,8.7,10.3,8.7,5.5,2.7,1.0,0.5,1.8,3.7,6.8,8.3,9.0,9.1,8.4,7.4,6.4,7.3,6.5,4.4,2.3,1.3,2.2,4.2,160.6,159.9,158.6,157.6,157.3,158.3,159.3,160.4,165.4,161.7,158.3,156.0,155.8,156.8,158.3,157.6,157.1,157.8,159.6,162.4,160.4,159.9,159.3,159.0,159.1,159.6,160.2,160.5,162.3,162.4,162.6,162.9,163.0,163.0,162.8,162.7,164.5,162.9,161.5,160.9,162.2,164.5,167.2,165.0,163.0,161.6,161.7,163.1,163.4,163.5,163.7,163.7,163.6,163.5,163.4,163.3
197,0,6.533,0.98,1,0.042623,-0.107773,-0.993261,-0.137413,-0.121171,-0.983074,-0.048,-0.115,241.8,247.1,259.8,272.3,277.4,273.2,259.4,246.9,228.6,235.3,245.4,258.7,273.1,283.9,291.9,281.5,268.8,256.1,244.6,235.2,254.3,260.2,266.2,268.8,266.4,260.4,254.4,251.9,428.2,434.0,447.0,459.6,464.5,458.8,445.8,432.1,415.5,422.5,432.7,447.4,462.0,472.5,479.2,471.3,461.1,449.1,435.7,423.7,439.6,445.9,452.3,455.1,452.7,446.5,440.1,437.3,246.4,233.0,227.6,233.4,247.0,261.4,265.8,260.0,247.0,239.7,235.7,234.4,238.1,245.0,255.0,259.9,261.7,261.7,259.2,254.5,252.9,255.7,253.2,246.8,240.4,237.6,240.1,246.5,252.7,239.8,234.8,240.5,253.7,266.7,271.7,266.8,256.7,248.1,242.9,241.6,245.4,251.1,260.3,265.3,267.7,268.2,266.1,262.7,259.6,262.4,260.0,253.6,247.1,244.2,246.7,253.0,-25.1,-23.3,-19.1,-15.0,-13.4,-14.8,-19.3,-23.4,-30.2,-27.4,-23.6,-19.1,-14.6,-11.3,-8.9,-12.1,-16.1,-20.2,-24.1,-27.5,-21.1,-19.1,-17.1,-16.3,-17.1,-19.0,-21.0,-21.9,35.2,37.1,41.4,45.6,47.2,45.3,41.0,36.6,31.4,33.4,36.5,41.1,46.1,50.3,53.3,50.0,46.0,41.8,37.5,33.9,39.2,41.2,43.4,44.3,43.5,41.5,39.3,38.4,2.1,-2.2,-3.9,-2.1,2.2,6.8,8.2,6.4,2.3,-0.1,-1.4,-1.8,-0.6,1.6,4.8,6.3,6.8,6.9,6.1,4.7,4.2,5.0,4.2,2.2,0.1,-0.8,0.0,2.1,4.1,-0.1,-1.7,0.2,4.5,8.7,10.3,8.7,5.5,2.6,0.9,0.5,1.8,3.7,6.8,8.4,9.0,9.1,8.5,7.4,6.4,7.3,6.5,4.5,2.3,1.4,2.2,4.3,160.6,159.8,158.6,157.6,157.4,158.3,159.3,160.4,165.4,161.7,158.3,156.0,155.8,156.8,158.4,157.7,157.2,157.8,159.6,162.4,160.4,159.9,159.3,159.0,159.1,159.6,160.2,160.5,162.6,162.8,163.1,163.3,163.4,163.3,163.0,163.0,164.7,163.1,161.8,161.3,162.5,164.8,167.5,165.2,163.1,161.8,161.8,163.2,163.7,163.8,164.0,164.0,164.0,163.9,163.7,163.7
198,0,6.567,0.98,1,0.038070,-0.106754,-0.993556,-0.137621,-0.119282,-0.983276,-0.050,-0.114,241.7,247.1,259.7,272.2,277.3,273.0,259.3,246.8,228.5,235.3,245.4,258.9,273.4,284.1,291.9,281.5,268.9,256.1,244.6,235.2,254.1,260.1,266.1,268.7,266.3,260.4,254.3,251.7,428.1,433.8,446.8,459.4,464.3,458.6,445.6,432.0,415.2,422.4,432.6,447.3,461.7,472.2,479.0,471.2,461.0,449.1,435.7,423.6,439.4,445.7,452.1,455.0,452.5,446.3,439.9,437.0,246.3,232.9,227.6,233.5,247.1,261.4,265.8,259.9,246.9,239.7,235.7,234.4,238.2,245.1,255.2,260.0,261.7,261.7,259.1,254.3,252.9,255.7,253.2,246.9,240.4,237.5,240.0,246.4,252.7,239.8,234.8,240.6,253.8,266.7,271.8,266.9,256.6,248.1,243.0,241.6,245.3,251.1,260.3,265.3,267.6,268.1,266.1,262.8,259.7,262.6,260.1,253.7,247.2,244.3,246.7,253.1,-25.2,-23.3,-19.1,-15.1,-13.4,-14.9,-19.4,-23.5,-30.3,-27.4,-23.6,-19.1,-14.5,-11.3,-8.9,-12.1,-16.1,-20.2,-24.1,-27.6,-21.2,-19.2,-17.2,-16.3,-17.1,-19.0,-21.0,-21.9,35.2,37.1,41.4,45.6,47.2,45.2,40.9,36.5,31.3,33.4,36.4,41.1,46.1,50.2,53.3,49.9,45.9,41.7,37.4,33.8,39.1,41.2,43.3,44.3,43.5,41.4,39.3,38.3,2.0,-2.3,-3.9,-2.0,2.3,6.8,8.2,6.4,2.3,-0.1,-1.4,-1.7,-0.6,1.6,4.8,6.3,6.8,6.8,6.1,4.7,4.1,5.0,4.2,2.2,0.1,-0.8,0.0,2.1,4.1,-0.1,-1.7,0.2,4.5,8.7,10.3,8.8,5.5,2.6,1.0,0.5,1.7,3.7,6.8,8.3,9.0,9.1,8.4,7.4,6.4,7.4,6.6,4.5,2.4,1.4,2.2,4.3,160.6,159.8,158.5,157.6,157.4,158.4,159.5,160.5,165.4,161.7,158.3,156.0,155.8,156.9,158.5,157.8,157.3,157.9,159.7,162.4,160.5,160.0,159.4,159.1,159.1,159.6,160.2,160.6,162.6,162.9,163.3,163.5,163.5,163.2,162.8,162.8,164.5,163.0,161.8,161.4,162.6,164.9,167.5,165.1,163.0,161.6,161.6,163.0,163.6,163.8,164.0,164.1,164.1,164.0,163.8,163.7
199,0,6.600,0.98,1,0.036556,-0.104711,-0.993831,-0.141613,-0.122804,-0.982275,-0.053,-0.115,241.6,246.9,259.5,272.1,277.2,273.0,259.2,246.7,228.5,235.2,245.3,258.8,273.3,284.0,291.8,281.5,268.8,256.0,244.5,235.1,254.0,260.0,266.0,268.6,266.2,260.2,254.2,251.6,427.9,433.5,446.4,459.0,463.9,458.3,445.4,431.8,415.2,422.3,432.5,447.1,461.6,472.2,478.9,471.0,460.7,448.8,435.5,423.5,439.3,445.5,451.8,454.6,452.2,446.0,439.6,436.8,246.4,233.0,227.7,233.6,247.2,261.4,265.8,259.9,246.8,239.6,235.6,234.4,238.1,245.1,255.1,259.9,261.7,261.7,259.1,254.3,252.9,255.8,253.2,246.9,240.4,237.6,240.1,246.4,252.7,239.8,234.7,240.4,253.5,266.4,271.5,266.7,256.7,248.1,243.0,241.6,245.4,251.1,260.1,265.2,267.6,268.1,266.1,262.7,259.4,262.3,259.8,253.4,246.9,244.1,246.6,252.9,-25.2,-23.4,-19.2,-15.1,-13.5,-14.9,-19.4,-23.5,-30.3,-27.4,-23.6,-19.1,-14.6,-11.3,-8.9,-12.2,-16.1,-20.2,-24.1,-27.6,-21.2,-19.2,-17.2,-16.4,-17.1,-19.1,-21.1,-22.0,35.2,37.0,41.3,45.5,47.1,45.2,40.9,36.5,31.4,33.4,36.4,41.1,46.1,50.2,53.3,50.0,46.0,41.7,37.4,33.8,39.1,41.2,43.3,44.2,43.4,41.4,39.2,38.3,2.0,-2.2,-3.9,-2.0,2.3,6.8,8.2,6.4,2.3,-0.1,-1.4,-1.7,-0.6,1.6,4.8,6.3,6.8,6.9,6.1,4.6,4.2,5.0,4.2,2.2,0.1,-0.8,0.0,2.1,4.1,-0.1,-1.7,0.1,4.4,8.6,10.3,8.7,5.5,2.6,1.0,0.5,1.7,3.7,6.8,8.3,9.0,9.1,8.4,7.4,6.4,7.3,6.5,4.4,2.3,1.3,2.2,4.2,160.7,159.9,158.6,157.6,157.5,158.5,159.6,160.6,165.5,161.7,158.3,156.0,155.8,156.9,158.6,157.8,157.4,158.0,159.8,162.5,160.6,160.1,159.5,159.1,159.2,159.6,160.2,160.6,162.9,163.0,163.3,163.6,163.7,163.5,163.2,163.2,164.9,163.3,162.0,161.5,162.8,165.1,167.8,165.4,163.3,162.0,162.0,163.4,164.0,164.1,164.2,164.3,164.3,164.1,164.0,163.9
200,0,6.633,0.98,1,0.035041,-0.106388,-0.993707,-0.139339,-0.130522,-0.981605,-0.053,-0.119,241.5,246.8,259.5,271.9,277.0,272.8,259.1,246.6,228.5,235.2,245.3,258.7,273.2,283.9,291.7,281.4,268.6,255.9,244.4,235.0,253.9,259.9,265.9,268.5,266.1,260.1,254.1,251.5,427.6,433.2,446.2,458.9,464.0,458.3,445.3,431.6,414.8,422.0,432.4,447.0,461.4,471.9,478.7,470.8,460.6,448.7,435.3,423.2,439.0,445.3,451.7,454.5,452.1,445.8,439.4,436.6,246.3,232.9,227.6,233.4,247.0,261.4,265.7,259.9,246.8,239.5,235.6,234.3,238.1,245.1,255.1,259.9,261.6,261.6,259.0,254.2,252.9,255.7,253.2,246.8,240.3,237.4,240.0,246.4,252.3,239.3,234.2,239.9,253.2,266.2,271.4,266.6,256.5,247.9,242.8,241.4,245.3,251.1,260.2,265.1,267.5,267.9,265.8,262.5,259.3,262.2,259.6,253.2,246.7,243.8,246.3,252.7,-25.2,-23.4,-19.2,-15.1,-13.5,-14.9,-19.4,-23.6,-30.3,-27.4,-23.6,-19.1,-14.6,-11.3,-8.9,-12.2,-16.1,-20.2,-24.1,-27.6,-21.2,-19.2,-17.2,-16.4,-17.1,-19.1,-21.1,-22.0,34.9,36.8,41.1,45.3,46.9,45.0,40.7,36.2,31.1,33.2,36.2,40.9,45.9,49.9,53.0,49.6,45.6,41.4,37.1,33.5,38.8,40.9,43.1,44.0,43.2,41.1,39.0,38.0,2.0,-2.3,-3.9,-2.1,2.2,6.8,8.2,6.4,2.2,-0.1,-1.4,-1.8,-0.6,1.6,4.8,6.3,6.8,6.8,6.1,4.6,4.1,5.0,4.2,2.2,0.1,-0.8,-0.0,2.0,4.0,-0.2,-1.9,-0.0,4.3,8.5,10.2,8.6,5.4,2.6,0.9,0.5,1.7,3.6,6.7,8.3,8.9,9.0,8.3,7.3,6.3,7.2,6.4,4.3,2.2,1.2,2.1,4.2,160.5,159.8,158.5,157.4,157.2,158.2,159.3,160.4,165.3,161.6,158.2,155.9,155.6,156.7,158.3,157.5,157.1,157.8,159.6,162.3,160.4,159.9,159.3,158.9,159.0,159.5,160.1,160.5,162.1,162.5,162.9,163.1,163.0,162.6,162.2,162.2,163.8,162.5,161.3,160.9,162.1,164.3,166.9,164.5,162.3,160.9,160.9,162.4,163.1,163.2,163.4,163.6,163.6,163.5,163.3,163.1
201,0,6.667,0.98,1,0.036505,-0.107351,-0.993551,-0.137225,-0.131435,-0.981781,-0.051,-0.120,241.4,246.7,259.3,271.7,276.8,272.6,258.9,246.5,228.4,235.0,245.1,258.6,273.1,283.7,291.3,281.1,268.4,255.6,244.2,234.9,253.8,259.7,265.7,268.3,265.9,259.9,253.9,251.4,427.3,432.9,445.9,458.7,463.8,458.2,445.2,431.4,414.5,421.6,431.9,446.6,461.2,471.7,478.5,470.6,460.4,448.5,435.1,422.9,438.8,445.1,451.6,454.3,451.9,445.5,439.1,436.3,246.2,232.9,227.7,233.5,247.0,261.3,265.6,259.7,246.8,239.5,235.6,234.4,238.2,245.1,255.1,259.9,261.6,261.6,259.0,254.2,252.7,255.6,253.1,246.7,240.3,237.5,240.0,246.3,252.3,239.1,233.9,239.6,252.9,266.0,271.3,266.5,256.4,247.7,242.6,241.3,245.2,250.9,260.1,265.0,267.3,267.8,265.7,262.4,259.2,262.0,259.4,253.0,246.4,243.6,246.1,252.6,-25.3,-23.5,-19.3,-15.3,-13.6,-15.1,-19.6,-23.7,-30.4,-27.6,-23.8,-19.2,-14.7,-11.4,-9.1,-12.3,-16.3,-20.4,-24.3,-27.8,-21.3,-19.4,-17.4,-16.5,-17.3,-19.2,-21.2,-22.1,34.7,36.6,40.9,45.1,46.8,44.8,40.5,36.1,30.9,32.9,36.0,40.6,45.7,49.7,52.8,49.4,45.5,41.3,37.0,33.4,38.7,40.8,42.9,43.8,43.0,41.0,38.8,37.9,2.0,-2.3,-3.9,-2.0,2.2,6.8,8.2,6.4,2.2,-0.2,-1.4,-1.7,-0.6,1.6,4.8,6.3,6.8,6.9,6.1,4.6,4.1,5.0,4.2,2.2,0.1,-0.8,-0.0,2.0,4.0,-0.3,-2.0,-0.1,4.2,8.4,10.1,8.6,5.3,2.5,0.8,0.4,1.7,3.6,6.7,8.2,8.8,8.9,8.3,7.3,6.2,7.2,6.3,4.2,2.1,1.2,2.0,4.1,161.2,160.4,159.1,158.1,158.0,159.0,160.1,161.1,166.0,162.3,158.8,156.6,156.4,157.5,159.1,158.4,157.9,158.6,160.4,163.1,161.1,160.6,160.0,159.6,159.7,160.1,160.7,161.1,161.7,162.0,162.4,162.7,162.6,162.3,161.9,161.9,163.5,162.1,160.9,160.4,161.7,163.9,166.4,164.1,162.0,160.5,160.6,162.0,162.7,162.8,163.0,163.2,163.2,163.1,162.9,162.8
202,0,6.700,0.88,1,0.041543,-0.105488,-0.993552,-0.137804,-0.133956,-0.981359,-0.049,-0.121,241.1,246.4,259.0,271.5,276.6,272.4,258.7,246.2,228.1,234.7,244.6,257.8,272.1,283.0,291.1,280.9,268.2,255.5,243.9,234.5,253.5,259.5,265.5,268.1,265.7,259.7,253.7,251.1,426.8,432.5,445.6,458.5,463.6,457.9,444.8,430.9,414.1,421.2,431.5,446.3,460.8,471.3,478.2,470.3,460.2,448.3,434.9,422.7,438.4,444.7,451.2,454.0,451.5,445.2,438.8,435.9,245.9,232.6,227.3,233.2,246.7,260.9,265.3,259.4,246.2,239.2,235.3,234.1,237.9,244.8,254.6,259.5,261.2,261.2,258.6,253.8,252.5,255.3,252.8,246.4,239.9,237.1,239.6,246.0,251.7,238.5,233.3,239.2,252.6,265.8,271.0,266.1,256.0,247.4,242.3,241.0,244.9,250.6,259.7,264.5,266.8,267.3,265.3,262.0,258.8,261.7,259.1,252.7,246.0,243.1,245.7,252.1,-25.4,-23.5,-19.4,-15.3,-13.7,-15.1,-19.6,-23.7,-30.5,-27.7,-23.9,-19.5,-14.9,-11.6,-9.2,-12.4,-16.3,-20.4,-24.4,-27.8,-21.4,-19.4,-17.4,-16.5,-17.3,-19.3,-21.3,-22.2,34.4,36.4,40.7,45.0,46.6,44.6,40.2,35.8,30.6,32.7,35.8,40.4,45.4,49.4,52.5,49.1,45.2,41.0,36.7,33.1,38.4,40.5,42.6,43.6,42.8,40.8,38.6,37.6,1.9,-2.4,-4.0,-2.2,2.1,6.6,8.1,6.2,2.1,-0.3,-1.5,-1.8,-0.7,1.5,4.6,6.2,6.7,6.7,6.0,4.5,4.0,4.9,4.1,2.0,-0.0,-0.9,-0.1,1.9,3.8,-0.5,-2.2,-0.3,4.1,8.3,10.0,8.4,5.2,2.4,0.7,0.3,1.6,3.4,6.5,8.0,8.6,8.7,8.1,7.1,6.1,7.0,6.2,4.1,2.0,1.0,1.8,3.9,160.8,160.0,158.7,157.7,157.5,158.6,159.7,160.7,165.9,162.1,158.6,156.3,156.0,157.1,158.7,158.0,157.6,158.3,160.1,162.9,160.7,160.2,159.6,159.2,159.3,159.8,160.4,160.8,161.2,161.7,162.1,162.3,162.2,161.7,161.3,161.3,162.8,161.5,160.4,160.0,161.2,163.3,165.8,163.4,161.3,159.8,159.8,161.3,162.2,162.3,162.5,162.8,162.8,162.7,162.5,162.3
203,0,6.733,0.98,1,0.045644,-0.108121,-0.993089,-0.139081,-0.134231,-0.981141,-0.047,-0.122,240.7,246.0,258.6,271.1,276.3,272.2,258.5,245.9,227.9,234.3,244.1,257.1,271.4,282.4,290.5,280.3,267.7,255.0,243.5,234.2,253.2,259.2,265.3,267.9,265.4,259.3,253.3,250.7,426.5,432.2,445.4,458.2,463.1,457.4,444.3,430.5,413.8,420.9,431.1,445.9,460.5,471.0,477.9,469.9,459.7,447.9,434.5,422.4,438.0,444.3,450.8,453.7,451.2,444.9,438.4,435.6,245.6,232.2,226.8,232.5,246.1,260.4,264.9,259.1,246.0,238.8,234.8,233.5,237.2,244.2,254.2,259.0,260.8,260.8,258.3,253.5,252.1,254.9,252.3,245.9,239.4,236.6,239.1,245.6,251.1,238.0,232.9,238.8,252.3,265.4,270.5,265.6,255.5,246.8,241.7,240.4,244.4,250.1,259.3,264.1,266.3,266.8,264.8,261.5,258.3,261.3,258.8,252.3,245.6,242.7,245.2,251.7,-25.5,-23.7,-19.5,-15.4,-13.7,-15.1,-19.6,-23.8,-30.5,-27.8,-24.1,-19.7,-15.2,-11.8,-9.3,-12.5,-16.4,-20.5,-24.5,-27.9,-21.4,-19.4,-17.4,-16.6,-17.4,-19.3,-21.4,-22.2,34.4,36.3,40.7,44.9,46.5,44.5,40.1,35.7,30.6,32.6,35.7,40.3,45.3,49.3,52.4,49.0,45.1,40.9,36.6,33.0,38.3,40.4,42.6,43.5,42.8,40.7,38.5,37.5,1.8,-2.5,-4.2,-2.4,1.9,6.4,7.9,6.1,2.0,-0.4,-1.7,-2.0,-0.9,1.3,4.5,6.0,6.5,6.6,5.9,4.4,3.9,4.8,3.9,1.9,-0.2,-1.1,-0.3,1.8,3.6,-0.6,-2.3,-0.4,4.0,8.2,9.9,8.3,5.1,2.2,0.6,0.1,1.4,3.3,6.4,7.9,8.5,8.6,7.9,6.9,5.9,6.9,6.1,4.0,1.8,0.9,1.7,3.8,160.6,159.8,158.5,157.4,157.1,158.1,159.2,160.3,165.7,162.0,158.5,156.2,155.8,156.7,158.2,157.6,157.2,157.9,159.8,162.7,160.4,159.8,159.2,158.8,158.9,159.5,160.1,160.5,161.4,161.8,162.3,162.5,162.3,161.8,161.4,161.4,162.9,161.6,160.5,160.1,161.3,163.4,165.9,163.5,161.3,159.9,159.9,161.4,162.4,162.4,162.7,162.9,163.0,162.9,162.7,162.5
204,0,6.767,0.88,1,0.042468,-0.103087,-0.993765,-0.141064,-0.133641,-0.980939,-0.050,-0.119,240.0,245.3,257.9,270.5,275.6,271.5,257.7,245.1,227.0,233.6,243.6,256.9,271.3,282.0,289.9,279.7,267.0,254.2,242.7,233.4,252.4,258.4,264.5,267.1,264.6,258.6,252.6,250.0,425.6,431.3,444.4,457.3,462.3,456.7,443.6,429.7,412.9,420.3,430.6,445.3,459.8,470.2,477.1,469.2,459.2,447.4,434.1,421.8,437.1,443.5,450.0,452.8,450.3,443.9,437.4,434.6,245.1,231.8,226.5,232.4,246.0,260.2,264.6,258.7,245.2,238.2,234.4,233.3,237.0,243.9,253.9,258.6,260.3,260.3,257.6,252.7,251.7,254.5,252.0,245.6,239.1,236.3,238.8,245.2,250.7,237.5,232.4,238.3,251.8,265.0,270.1,265.2,255.2,246.4,241.2,239.8,243.8,249.6,258.9,263.6,265.8,266.3,264.2,261.1,258.0,261.0,258.4,251.9,245.3,242.3,244.8,251.3,-25.8,-23.9,-19.7,-15.6,-14.0,-15.4,-19.9,-24.1,-30.9,-28.0,-24.3,-19.8,-15.2,-11.9,-9.6,-12.8,-16.7,-20.8,-24.8,-28.2,-21.7,-19.8,-17.7,-16.9,-17.7,-19.6,-21.7,-22.5,34.0,35.9,40.3,44.5,46.1,44.1,39.7,35.2,30.1,32.3,35.4,40.0,45.0,49.0,52.0,48.6,44.7,40.5,36.3,32.7,37.9,40.0,42.1,43.2,42.4,40.3,38.1,37.1,1.6,-2.6,-4.3,-2.4,1.9,6.4,7.9,6.0,1.7,-0.6,-1.8,-2.1,-0.9,1.2,4.4,5.9,6.4,6.4,5.6,4.1,3.8,4.7,3.8,1.8,-0.3,-1.2,-0.4,1.7,3.4,-0.8,-2.5,-0.5,3.8,8.1,9.7,8.1,4.9,2.1,0.4,-0.1,1.2,3.1,6.3,7.7,8.3,8.4,7.7,6.8,5.8,6.8,6.0,3.9,1.7,0.7,1.6,3.7,161.0,160.2,158.8,157.8,157.8,158.9,160.0,161.0,165.9,162.2,158.8,156.5,156.3,157.3,158.9,158.3,157.8,158.5,160.3,163.0,160.9,160.5,159.9,159.4,159.5,159.9,160.6,161.0,160.8,161.4,162.1,162.3,161.9,161.2,160.6,160.6,162.0,160.9,159.9,159.7,161.0,163.1,165.5,162.9,160.6,159.0,159.0,160.4,161.7,161.8,162.1,162.4,162.6,162.5,162.2,161.9
205,0,6.800,0.98,1,0.045918,-0.102735,-0.993648,-0.137789,-0.131207,-0.981733,-0.046,-0.118,239.3,244.5,257.1,269.7,274.9,270.8,257.1,244.5,226.3,232.9,242.7,255.7,270.0,280.9,289.1,278.9,266.3,253.7,242.1,232.7,251.9,257.8,263.8,266.2,263.8,257.9,251.9,249.4,425.0,430.6,443.6,456.5,461.6,456.0,443.0,429.1,412.4,419.6,429.8,444.5,458.9,469.5,476.4,468.4,458.2,446.3,433.0,420.9,436.6,442.9,449.3,452.1,449.6,443.3,436.9,434.1,244.8,231.3,225.8,231.5,245.0,259.4,264.0,258.3,244.8,237.4,233.2,231.9,235.7,242.9,253.2,258.0,259.7,259.8,257.2,252.4,251.1,253.8,251.3,244.9,238.5,235.8,238.4,244.7,250.2,237.1,231.8,237.6,250.9,264.1,269.3,264.6,254.7,245.8,240.6,239.2,243.0,248.8,258.0,262.8,265.1,265.6,263.7,260.5,257.2,260.1,257.5,251.0,244.5,241.6,244.2,250.6,-26.0,-24.2,-20.0,-15.9,-14.2,-15.6,-20.1,-24.2,-31.1,-28.2,-24.5,-20.1,-15.6,-12.3,-9.8,-13.0,-16.9,-21.0,-24.9,-28.4,-21.9,-19.9,-17.9,-17.1,-17.9,-19.9,-21.8,-22.7,34.0,35.9,40.2,44.5,46.1,44.1,39.8,35.3,30.2,32.3,35.4,40.0,45.0,49.0,52.0,48.7,44.7,40.5,36.3,32.7,38.0,40.0,42.2,43.2,42.4,40.3,38.1,37.2,1.5,-2.8,-4.5,-2.7,1.6,6.1,7.7,5.9,1.6,-0.8,-2.2,-2.5,-1.4,0.9,4.2,5.7,6.2,6.3,5.5,4.0,3.6,4.4,3.6,1.6,-0.5,-1.3,-0.5,1.5,3.3,-0.9,-2.7,-0.8,3.6,7.8,9.5,8.0,4.8,1.9,0.2,-0.3,1.0,2.9,6.0,7.5,8.1,8.2,7.6,6.6,5.6,6.5,5.7,3.6,1.5,0.5,1.4,3.5,160.8,160.0,158.8,157.7,157.5,158.4,159.5,160.6,165.8,162.1,158.6,156.3,156.0,157.0,158.5,157.9,157.5,158.2,160.0,162.8,160.6,160.1,159.5,159.2,159.3,159.8,160.4,160.7,161.9,162.3,162.7,162.9,162.7,162.3,161.9,161.9,163.5,162.1,161.0,160.6,161.8,163.9,166.3,164.0,161.8,160.4,160.5,162.0,162.8,162.9,163.1,163.3,163.4,163.3,163.1,162.9
206,0,6.833,0.98,1,0.047367,-0.101374,-0.993720,-0.137084,-0.131204,-0.981832,-0.045,-0.117,238.9,244.1,256.7,269.3,274.5,270.4,256.7,244.1,226.0,232.5,242.3,255.1,269.3,280.4,288.8,278.6,265.9,253.3,241.6,232.4,251.4,257.4,263.5,266.0,263.5,257.5,251.5,249.0,424.7,430.3,443.4,456.2,461.3,455.7,442.6,428.8,412.1,419.3,429.5,444.2,458.6,469.1,476.0,468.1,457.9,446.1,432.8,420.7,436.3,442.6,449.0,451.8,449.3,443.0,436.6,433.8,244.4,230.9,225.4,231.1,244.7,259.1,263.7,257.9,244.4,237.2,233.0,231.8,235.5,242.6,252.7,257.6,259.3,259.3,256.9,252.0,250.9,253.6,251.0,244.6,238.1,235.3,237.9,244.4,249.7,236.6,231.4,237.1,250.5,263.6,268.8,264.0,254.2,245.4,240.1,238.7,242.6,248.4,257.6,262.3,264.6,265.1,263.1,260.0,256.7,259.6,257.0,250.6,244.0,241.2,243.7,250.1,-26.0,-24.2,-20.0,-15.9,-14.3,-15.6,-20.1,-24.3,-31.1,-28.3,-24.6,-20.2,-15.8,-12.4,-9.8,-13.0,-16.9,-21.0,-25.0,-28.4,-21.9,-19.9,-17.9,-17.1,-17.9,-19.9,-21.9,-22.7,33.9,35.8,40.2,44.4,46.0,44.1,39.7,35.2,30.1,32.2,35.3,39.9,44.9,48.9,51.9,48.6,44.7,40.5,36.2,32.6,37.9,40.0,42.1,43.1,42.3,40.2,38.1,37.1,1.4,-2.9,-4.6,-2.8,1.5,6.0,7.5,5.7,1.4,-0.9,-2.2,-2.6,-1.4,0.8,4.0,5.5,6.0,6.1,5.4,3.9,3.5,4.3,3.5,1.5,-0.6,-1.5,-0.7,1.4,3.1,-1.1,-2.8,-0.9,3.4,7.7,9.3,7.8,4.6,1.7,0.0,-0.4,0.8,2.8,5.9,7.3,8.0,8.1,7.4,6.5,5.4,6.4,5.6,3.5,1.3,0.4,1.2,3.3,160.2,159.4,158.1,157.0,156.7,157.6,158.7,159.9,165.3,161.6,158.1,155.8,155.4,156.2,157.7,157.1,156.7,157.4,159.3,162.2,159.9,159.4,158.7,158.4,158.5,159.1,159.7,160.1,162.0,162.4,162.9,163.1,162.9,162.4,162.0,162.0,163.5,162.2,161.1,160.7,161.9,164.1,166.5,164.1,162.0,160.5,160.6,162.0,162.9,163.0,163.2,163.5,163.6,163.5,163.3,163.0
207,0,6.867,0.98,1,0.046619,-0.100836,-0.993810,-0.137297,-0.126672,-0.982397,-0.046,-0.115,238.8,244.1,256.6,269.1,274.2,270.0,256.3,243.9,225.8,232.5,242.3,255.3,269.4,280.2,288.3,278.2,265.7,253.1,241.6,232.3,251.2,257.1,263.1,265.6,263.2,257.3,251.3,248.8,424.4,430.1,443.2,456.0,461.1,455.5,442.4,428.5,411.8,418.9,429.2,443.9,458.5,469.0,475.9,468.0,457.8,445.9,432.5,420.4,436.0,442.4,448.8,451.6,449.1,442.8,436.3,433.5,244.0,230.7,225.3,231.0,244.5,258.8,263.3,257.5,244.3,237.1,233.0,231.7,235.3,242.2,252.3,257.2,259.0,259.1,256.6,251.8,250.5,253.3,250.7,244.4,238.0,235.2,237.7,244.1,249.5,236.3,231.1,236.9,250.3,263.4,268.7,263.9,253.8,245.0,239.8,238.4,242.3,248.1,257.3,262.0,264.3,264.7,262.8,259.6,256.5,259.4,256.8,250.4,243.7,240.8,243.4,249.9,-26.3,-24.5,-20.3,-16.2,-14.6,-16.0,-20.5,-24.7,-31.5,-28.6,-24.9,-20.4,-16.0,-12.6,-10.2,-13.3,-17.3,-21.3,-25.3,-28.8,-22.3,-20.3,-18.3,-17.5,-18.2,-20.2,-22.2,-23.1,33.7,35.7,40.0,44.2,45.9,43.9,39.6,35.1,30.0,32.0,35.1,39.7,44.7,48.8,51.8,48.5,44.5,40.3,36.1,32.5,37.7,39.8,42.0,42.9,42.1,40.0,37.9,36.9,1.3,-3.0,-4.7,-2.8,1.4,6.0,7.5,5.7,1.4,-0.9,-2.2,-2.6,-1.5,0.7,3.9,5.5,6.0,6.1,5.3,3.9,3.4,4.3,3.5,1.4,-0.7,-1.5,-0.7,1.3,3.1,-1.2,-2.9,-1.0,3.3,7.6,9.3,7.7,4.5,1.6,-0.1,-0.5,0.8,2.7,5.8,7.2,7.8,7.9,7.3,6.3,5.4,6.3,5.5,3.4,1.2,0.3,1.1,3.2,162.2,161.5,160.2,159.2,158.9,159.9,160.9,162.0,167.1,163.5,160.0,157.8,157.5,158.4,159.9,159.2,158.8,159.4,161.2,164.0,162.0,161.5,160.9,160.6,160.7,161.2,161.8,162.1,161.6,162.0,162.4,162.6,162.5,162.1,161.6,161.7,163.2,161.9,160.8,160.3,161.6,163.7,166.2,163.8,161.6,160.2,160.2,161.7,162.6,162.7,162.9,163.1,163.2,163.1,162.9,162.6
208,0,6.900,0.98,1,0.050166,-0.099617,-0.993760,-0.137158,-0.127184,-0.982350,-0.044,-0.114,238.7,243.9,256.5,269.1,274.3,270.1,256.5,243.9,225.6,232.3,242.2,255.2,269.3,280.1,288.1,278.2,265.7,253.1,241.5,232.1,251.1,257.1,263.2,265.7,263.2,257.2,251.2,248.7,424.6,430.2,443.3,456.0,461.1,455.5,442.4,428.7,411.9,419.0,429.3,444.0,458.6,469.1,475.9,468.0,457.8,445.9,432.5,420.5,436.1,442.4,448.9,451.7,449.2,442.9,436.5,433.7,244.0,230.7,225.3,231.0,244.4,258.6,263.1,257.5,244.2,236.9,232.8,231.5,235.1,242.1,252.3,257.1,258.9,259.0,256.5,251.7,250.5,253.2,250.6,244.3,237.8,235.1,237.7,244.0,249.2,236.1,231.0,236.7,250.1,263.2,268.3,263.5,253.6,244.8,239.6,238.2,242.1,248.0,257.2,261.9,264.1,264.6,262.6,259.4,256.2,259.1,256.6,250.1,243.5,240.6,243.2,249.6,-26.3,-24.5,-20.3,-16.2,-14.5,-15.9,-20.4,-24.6,-31.5,-28.7,-24.9,-20.5,-16.0,-12.6,-10.2,-13.3,-17.3,-21.3,-25.3,-28.8,-22.3,-20.3,-18.3,-17.4,-18.2,-20.2,-22.2,-23.1,33.9,35.8,40.1,44.3,45.9,44.0,39.7,35.2,30.1,32.1,35.2,39.8,44.9,48.9,51.9,48.6,44.6,40.4,36.2,32.6,37.8,39.9,42.1,43.0,42.2,40.1,38.0,37.0,1.3,-3.0,-4.7,-2.9,1.4,6.0,7.4,5.6,1.4,-1.0,-2.3,-2.7,-1.5,0.7,3.9,5.5,6.0,6.1,5.3,3.8,3.4,4.3,3.4,1.4,-0.7,-1.6,-0.8,1.3,3.0,-1.3,-2.9,-1.1,3.3,7.5,9.2,7.6,4.5,1.6,-0.1,-0.6,0.7,2.6,5.7,7.2,7.8,7.9,7.3,6.3,5.3,6.2,5.4,3.3,1.2,0.2,1.0,3.1,162.0,161.3,160.1,159.1,158.9,159.9,160.9,161.8,167.0,163.4,160.0,157.8,157.6,158.5,160.1,159.4,158.9,159.5,161.3,164.0,161.9,161.4,160.9,160.5,160.6,161.1,161.7,162.0,161.9,162.3,162.7,162.9,162.8,162.4,162.0,162.0,163.6,162.2,161.0,160.6,161.8,164.0,166.5,164.1,162.0,160.6,160.6,162.1,162.9,163.0,163.2,163.4,163.5,163.4,163.2,163.0
209,0,6.933,0.98,1,0.049755,-0.097536,-0.993988,-0.137806,-0.125428,-0.982485,-0.045,-0.112,238.7,243.9,256.5,269.1,274.3,270.2,256.5,243.9,225.6,232.2,242.1,255.3,269.7,280.4,288.2,278.2,265.6,252.9,241.3,232.0,251.2,257.2,263.2,265.7,263.2,257.2,251.2,248.7,424.7,430.3,443.3,456.0,461.1,455.5,442.5,428.8,412.0,419.0,429.2,444.0,458.6,469.2,475.9,468.1,457.9,446.0,432.6,420.4,436.3,442.5,448.8,451.6,449.1,442.9,436.6,433.8,243.8,230.5,225.2,230.9,244.4,258.5,262.9,257.2,243.9,236.6,232.7,231.5,235.1,242.1,252.1,256.9,258.7,258.8,256.2,251.4,250.2,252.9,250.4,244.1,237.7,234.9,237.4,243.7,249.1,236.1,230.9,236.6,249.9,263.0,268.1,263.3,253.5,244.7,239.5,238.1,242.0,247.7,257.1,261.8,264.0,264.4,262.4,259.3,256.0,258.8,256.3,249.9,243.5,240.7,243.2,249.5,-26.3,-24.5,-20.3,-16.2,-14.5,-15.9,-20.4,-24.6,-31.5,-28.6,-24.9,-20.4,-15.8,-12.5,-10.2,-13.3,-17.3,-21.4,-25.3,-28.8,-22.2,-20.3,-18.2,-17.4,-18.2,-20.2,-22.2,-23.1,34.0,35.9,40.2,44.4,46.0,44.1,39.7,35.3,30.2,32.2,35.2,39.9,44.9,49.0,52.0,48.7,44.8,40.6,36.2,32.6,37.9,40.0,42.1,43.0,42.3,40.2,38.1,37.2,1.2,-3.1,-4.7,-2.9,1.4,5.9,7.4,5.6,1.3,-1.1,-2.3,-2.7,-1.5,0.7,3.9,5.4,5.9,6.0,5.2,3.7,3.3,4.2,3.3,1.3,-0.7,-1.6,-0.8,1.2,3.0,-1.3,-3.0,-1.1,3.2,7.5,9.1,7.6,4.4,1.5,-0.2,-0.6,0.6,2.5,5.7,7.2,7.8,7.9,7.2,6.3,5.2,6.1,5.3,3.3,1.1,0.2,1.0,3.1,161.6,160.8,159.5,158.6,158.5,159.6,160.6,161.6,166.6,163.0,159.5,157.3,157.1,158.2,159.8,159.1,158.7,159.3,161.1,163.8,161.6,161.1,160.5,160.1,160.2,160.6,161.2,161.6,162.1,162.5,162.9,163.1,163.0,162.6,162.2,162.3,163.9,162.5,161.3,160.9,162.1,164.3,166.8,164.5,162.3,160.9,160.9,162.4,163.1,163.2,163.4,163.6,163.6,163.6,163.4,163.2
210,0,6.967,0.98,1,0.051724,-0.096589,-0.993979,-0.130541,-0.126524,-0.983337,-0.040,-0.112,238.4,243.6,256.3,268.9,274.1,270.0,256.2,243.6,225.1,231.9,241.9,255.0,269.2,280.0,287.8,277.9,265.5,252.8,241.2,231.7,250.9,256.9,262.9,265.4,262.9,257.0,251.0,248.5,424.5,430.2,443.2,456.0,461.1,455.5,442.4,428.6,411.6,418.7,428.9,443.7,458.3,468.8,475.6,467.8,457.5,445.7,432.3,420.1,436.1,442.4,448.8,451.5,449.0,442.8,436.4,433.6,243.6,230.3,225.0,230.7,244.2,258.4,262.8,257.1,243.8,236.5,232.4,231.1,234.7,241.8,252.1,256.8,258.6,258.7,256.2,251.3,250.0,252.7,250.2,243.9,237.6,234.8,237.3,243.6,249.0,235.9,230.7,236.5,249.8,262.8,268.0,263.3,253.5,244.8,239.5,238.0,241.9,247.7,257.0,261.7,263.9,264.3,262.4,259.3,255.9,258.7,256.2,249.8,243.3,240.5,243.0,249.4,-26.4,-24.6,-20.4,-16.2,-14.6,-16.0,-20.5,-24.7,-31.6,-28.8,-25.0,-20.5,-16.0,-12.7,-10.3,-13.4,-17.3,-21.4,-25.4,-28.9,-22.4,-20.4,-18.4,-17.5,-18.3,-20.3,-22.3,-23.2,33.8,35.7,40.1,44.3,45.9,44.0,39.7,35.2,30.0,32.0,35.1,39.7,44.8,48.8,51.8,48.5,44.6,40.4,36.1,32.5,37.8,39.9,42.0,43.0,42.2,40.1,38.0,37.0,1.2,-3.1,-4.8,-3.0,1.3,5.9,7.3,5.5,1.3,-1.2,-2.4,-2.8,-1.7,0.6,3.9,5.4,5.9,6.0,5.2,3.7,3.2,4.1,3.3,1.3,-0.8,-1.7,-0.9,1.2,2.9,-1.3,-3.0,-1.2,3.2,7.4,9.1,7.5,4.4,1.5,-0.2,-0.6,0.6,2.5,5.7,7.1,7.7,7.8,7.2,6.3,5.2,6.1,5.3,3.2,1.1,0.2,1.0,3.1,161.9,161.1,159.9,159.0,158.9,159.9,160.9,161.8,166.7,163.2,159.8,157.6,157.5,158.5,160.1,159.4,158.9,159.5,161.2,163.9,161.8,161.4,160.8,160.5,160.5,160.9,161.5,161.9,161.8,162.2,162.7,162.9,162.8,162.4,161.9,161.9,163.6,162.2,161.0,160.6,161.8,164.1,166.6,164.2,162.1,160.7,160.7,162.1,162.8,162.9,163.2,163.4,163.4,163.3,163.1,162.9
211,0,7.000,0.98,1,0.055678,-0.089527,-0.994427,-0.129810,-0.122318,-0.983965,-0.037,-0.107,238.1,243.4,256.1,268.7,273.8,269.6,255.8,243.2,224.8,231.6,241.5,254.7,268.9,279.5,287.2,277.3,264.9,252.2,240.7,231.4,250.5,256.5,262.6,265.2,262.7,256.7,250.6,248.1,424.4,430.0,442.9,455.5,460.6,455.0,442.1,428.4,411.1,418.4,428.8,443.5,457.9,468.3,475.1,467.3,457.2,445.4,432.1,419.8,435.7,442.0,448.4,451.2,448.7,442.4,436.0,433.2,243.7,230.4,225.2,231.0,244.5,258.7,263.1,257.2,243.9,236.5,232.4,231.0,234.6,241.5,251.9,256.8,258.7,258.8,256.2,251.4,250.2,253.0,250.5,244.2,237.7,234.9,237.4,243.8,249.0,236.0,230.9,236.7,250.0,262.9,268.0,263.2,253.5,244.8,239.4,237.8,241.6,247.6,256.9,261.7,263.9,264.4,262.5,259.4,256.1,259.0,256.5,250.0,243.5,240.6,243.1,249.5,-26.6,-24.7,-20.5,-16.4,-14.7,-16.2,-20.7,-24.9,-31.8,-28.9,-25.1,-20.6,-16.1,-12.9,-10.5,-13.6,-17.6,-21.7,-25.6,-29.1,-22.6,-20.6,-18.5,-17.7,-18.4,-20.4,-22.5,-23.4,33.8,35.7,40.0,44.2,45.8,43.9,39.5,35.1,29.8,31.9,35.0,39.7,44.7,48.7,51.8,48.4,44.5,40.3,36.0,32.3,37.7,39.7,41.9,42.9,42.1,40.0,37.9,36.9,1.2,-3.1,-4.8,-2.9,1.4,6.0,7.4,5.6,1.3,-1.2,-2.4,-2.8,-1.7,0.5,3.8,5.4,6.0,6.0,5.2,3.7,3.3,4.2,3.4,1.4,-0.7,-1.6,-0.8,1.2,2.9,-1.3,-3.0,-1.1,3.3,7.4,9.1,7.5,4.4,1.6,-0.2,-0.7,0.5,2.5,5.6,7.1,7.8,7.8,7.2,6.3,5.2,6.2,5.4,3.3,1.1,0.2,1.0,3.1,162.3,161.5,160.3,159.4,159.4,160.4,161.4,162.3,167.1,163.5,160.2,158.1,157.9,158.9,160.5,159.8,159.3,159.9,161.6,164.3,162.3,161.9,161.3,161.0,161.0,161.4,162.0,162.4,161.7,162.3,162.9,163.2,163.0,162.4,161.8,161.7,163.3,162.0,161.0,160.8,162.1,164.4,166.9,164.3,162.0,160.5,160.4,161.8,162.7,162.9,163.2,163.5,163.6,163.4,163.1,162.9
212,0,7.033,0.98,1,0.052961,-0.088220,-0.994692,-0.129951,-0.121913,-0.983997,-0.039,-0.106,238.0,243.4,256.1,268.7,273.8,269.6,255.8,243.2,224.9,231.6,241.5,254.7,269.0,279.6,287.3,277.3,264.9,252.2,240.8,231.5,250.5,256.5,262.6,265.1,262.7,256.7,250.6,248.0,424.3,429.9,442.8,455.5,460.6,454.9,442.0,428.3,411.1,418.3,428.6,443.3,457.8,468.3,475.1,467.3,457.2,445.3,431.9,419.7,435.6,441.9,448.4,451.2,448.7,442.4,436.0,433.2,243.6,230.4,225.2,231.1,244.6,258.8,263.1,257.2,244.1,236.4,232.2,230.7,234.2,241.3,251.9,256.7,258.7,258.9,256.3,251.5,250.2,253.0,250.5,244.2,237.7,234.9,237.4,243.7,249.0,236.0,231.0,236.8,250.0,262.9,268.0,263.2,253.5,244.8,239.4,237.8,241.7,247.6,256.9,261.8,264.0,264.4,262.5,259.4,256.1,259.0,256.5,250.1,243.5,240.6,243.1,249.5,-26.6,-24.7,-20.5,-16.3,-14.7,-16.2,-20.7,-24.9,-31.7,-28.9,-25.1,-20.6,-16.1,-12.8,-10.5,-13.6,-17.5,-21.6,-25.6,-29.0,-22.5,-20.5,-18.5,-17.6,-18.4,-20.4,-22.4,-23.3,33.7,35.7,40.0,44.2,45.8,43.8,39.5,35.0,29.8,31.9,35.0,39.7,44.7,48.7,51.8,48.4,44.5,40.2,35.9,32.3,37.7,39.7,41.9,42.9,42.1,40.0,37.8,36.9,1.2,-3.1,-4.7,-2.8,1.5,6.0,7.4,5.6,1.4,-1.2,-2.5,-2.9,-1.8,0.4,3.8,5.3,6.0,6.0,5.3,3.8,3.3,4.2,3.4,1.4,-0.7,-1.6,-0.9,1.2,2.9,-1.3,-2.9,-1.1,3.3,7.4,9.1,7.5,4.4,1.5,-0.2,-0.7,0.5,2.5,5.7,7.2,7.8,7.8,7.2,6.3,5.2,6.2,5.4,3.3,1.1,0.2,1.0,3.1,162.1,161.2,160.0,159.1,159.1,160.2,161.2,162.1,166.8,163.2,159.9,157.8,157.6,158.6,160.3,159.6,159.1,159.7,161.5,164.1,162.1,161.7,161.1,160.7,160.7,161.1,161.7,162.1,161.8,162.3,162.9,163.1,162.9,162.4,161.8,161.8,163.6,162.3,161.2,160.8,162.1,164.3,166.8,164.3,162.1,160.6,160.6,162.0,162.8,162.9,163.2,163.4,163.5,163.4,163.2,162.9
213,0,7.067,0.88,1,0.053461,-0.085206,-0.994928,-0.128719,-0.113842,-0.985125,-0.038,-0.100,238.0,243.4,256.1,268.7,273.8,269.5,255.7,243.2,224.8,231.5,241.4,254.7,269.0,279.6,287.2,277.3,264.9,252.2,240.8,231.5,250.5,256.5,262.5,265.1,262.7,256.7,250.6,248.0,424.3,429.9,442.9,455.7,460.6,455.0,442.0,428.2,411.1,418.3,428.6,443.3,457.8,468.2,475.0,467.3,457.2,445.3,432.0,419.7,435.6,441.9,448.4,451.3,448.8,442.4,436.0,433.1,243.5,230.3,225.2,231.1,244.7,258.8,263.0,257.1,244.1,236.3,232.0,230.5,234.0,241.1,251.8,256.7,258.7,258.9,256.3,251.4,250.1,252.9,250.5,244.2,237.7,234.9,237.3,243.6,249.2,236.2,231.2,237.0,250.3,263.3,268.3,263.5,253.4,244.7,239.5,238.0,241.8,247.7,257.0,261.9,264.1,264.6,262.6,259.4,256.4,259.3,256.8,250.3,243.7,240.7,243.2,249.7,-26.6,-24.7,-20.4,-16.3,-14.7,-16.2,-20.7,-24.9,-31.7,-28.9,-25.1,-20.6,-16.1,-12.8,-10.5,-13.6,-17.5,-21.6,-25.6,-29.0,-22.5,-20.5,-18.5,-17.6,-18.4,-20.4,-22.4,-23.3,33.7,35.7,40.0,44.2,45.8,43.8,39.5,35.0,29.8,31.9,35.0,39.6,44.6,48.7,51.7,48.4,44.4,40.2,35.9,32.3,37.6,39.7,41.9,42.9,42.1,40.0,37.8,36.8,1.1,-3.1,-4.7,-2.8,1.5,6.0,7.4,5.5,1.4,-1.2,-2.5,-3.0,-1.9,0.3,3.8,5.3,6.0,6.1,5.3,3.8,3.3,4.2,3.4,1.4,-0.7,-1.6,-0.9,1.2,3.0,-1.2,-2.9,-1.0,3.4,7.6,9.2,7.6,4.4,1.5,-0.2,-0.7,0.6,2.5,5.7,7.2,7.8,7.9,7.3,6.3,5.3,6.3,5.5,3.4,1.2,0.2,1.1,3.2,162.1,161.1,159.9,159.0,159.1,160.3,161.3,162.1,166.7,163.1,159.8,157.6,157.5,158.5,160.2,159.6,159.1,159.7,161.4,164.0,162.1,161.7,161.1,160.7,160.7,161.1,161.6,162.1,161.7,162.1,162.7,163.0,162.8,162.3,161.8,161.7,163.4,162.0,161.0,160.6,161.9,164.2,166.8,164.2,162.0,160.5,160.5,161.9,162.7,162.8,163.1,163.4,163.4,163.3,163.0,162.8
214,0,7.100,0.98,1,0.055318,-0.086617,-0.994705,-0.132003,-0.115979,-0.984441,-0.039,-0.102,238.5,243.8,256.5,269.2,274.3,270.1,256.2,243.6,225.3,232.0,241.8,254.6,268.6,279.6,287.7,278.0,265.6,253.0,241.5,232.0,250.9,256.9,263.1,265.6,263.2,257.1,251.0,248.4,424.7,430.4,443.5,456.3,461.3,455.5,442.4,428.6,411.6,418.8,429.1,443.9,458.5,468.9,475.7,467.9,457.8,446.0,432.5,420.2,436.0,442.4,449.0,451.9,449.4,443.0,436.4,433.5,243.9,230.6,225.4,231.3,244.8,259.0,263.3,257.4,244.3,237.0,232.9,231.5,234.8,241.7,251.8,256.8,258.9,259.2,256.7,251.8,250.5,253.3,250.8,244.5,238.0,235.1,237.6,244.0,249.3,236.3,231.3,237.2,250.6,263.7,268.7,263.7,253.6,245.0,239.8,238.3,242.3,248.2,257.5,262.3,264.5,264.9,262.9,259.7,256.7,259.7,257.2,250.6,243.9,240.9,243.4,249.9,-26.5,-24.6,-20.4,-16.2,-14.6,-16.0,-20.6,-24.8,-31.7,-28.8,-25.1,-20.7,-16.2,-12.9,-10.4,-13.4,-17.3,-21.4,-25.4,-28.9,-22.4,-20.4,-18.4,-17.5,-18.3,-20.3,-22.4,-23.2,33.7,35.6,40.0,44.2,45.8,43.8,39.4,34.9,29.7,31.9,35.0,39.6,44.6,48.6,51.7,48.3,44.4,40.2,35.9,32.3,37.6,39.7,41.9,42.9,42.1,40.0,37.8,36.8,1.3,-3.0,-4.7,-2.8,1.5,6.1,7.5,5.7,1.4,-1.0,-2.3,-2.7,-1.6,0.5,3.8,5.4,6.0,6.1,5.4,3.9,3.4,4.3,3.5,1.4,-0.7,-1.6,-0.8,1.3,3.0,-1.2,-2.8,-0.9,3.5,7.7,9.2,7.6,4.4,1.6,-0.1,-0.5,0.7,2.7,5.8,7.3,7.9,8.0,7.3,6.3,5.4,6.4,5.6,3.5,1.3,0.3,1.1,3.2,162.4,161.6,160.4,159.5,159.4,160.5,161.5,162.4,167.2,163.7,160.3,158.2,158.0,158.9,160.6,159.9,159.4,160.0,161.8,164.5,162.4,162.0,161.4,161.0,161.0,161.5,162.1,162.4,160.8,161.4,162.0,162.2,162.0,161.5,160.9,160.9,162.4,161.2,160.2,159.9,161.2,163.3,165.9,163.3,161.1,159.6,159.5,160.9,161.9,162.0,162.3,162.6,162.7,162.5,162.3,162.0
215,0,7.133,0.98,1,0.050060,-0.088835,-0.994788,-0.127140,-0.117784,-0.984867,-0.039,-0.104,238.8,244.2,257.0,269.6,274.7,270.4,256.5,243.9,226.1,232.7,242.4,255.0,269.0,280.1,288.3,278.5,266.0,253.4,241.8,232.5,251.3,257.3,263.4,266.1,263.6,257.6,251.5,248.9,425.4,431.1,444.3,457.2,462.2,456.5,443.3,429.4,412.3,419.4,429.7,444.5,459.0,469.5,476.3,468.7,458.5,446.7,433.1,420.8,436.9,443.3,449.8,452.7,450.2,443.8,437.3,434.4,244.1,230.8,225.5,231.4,245.0,259.2,263.6,257.7,244.6,237.3,233.2,231.8,235.2,242.1,252.2,257.1,259.0,259.2,256.8,252.0,250.8,253.6,251.1,244.7,238.2,235.4,237.9,244.3,249.6,236.6,231.5,237.4,250.8,263.9,268.9,264.0,253.7,245.2,240.2,238.8,242.7,248.5,258.0,262.7,264.9,265.2,263.2,259.9,256.9,259.9,257.4,250.9,244.3,241.3,243.8,250.3,-26.3,-24.5,-20.2,-16.0,-14.4,-15.9,-20.4,-24.6,-31.4,-28.6,-24.9,-20.5,-16.1,-12.7,-10.1,-13.2,-17.2,-21.3,-25.2,-28.7,-22.3,-20.2,-18.2,-17.3,-18.1,-20.1,-22.2,-23.1,34.0,36.0,40.4,44.6,46.2,44.1,39.7,35.2,30.1,32.1,35.3,39.9,44.9,48.9,51.9,48.6,44.7,40.5,36.2,32.5,37.9,40.0,42.2,43.2,42.4,40.3,38.1,37.1,1.3,-3.0,-4.6,-2.7,1.6,6.1,7.6,5.7,1.5,-0.9,-2.2,-2.6,-1.5,0.7,3.9,5.5,6.0,6.1,5.4,4.0,3.5,4.4,3.6,1.5,-0.6,-1.5,-0.7,1.4,3.1,-1.1,-2.8,-0.8,3.5,7.7,9.3,7.7,4.5,1.7,0.1,-0.4,0.9,2.8,6.0,7.4,8.0,8.1,7.4,6.4,5.5,6.4,5.6,3.6,1.4,0.4,1.2,3.3,162.1,161.3,160.1,159.0,158.8,159.8,160.8,161.9,167.0,163.5,160.1,157.9,157.6,158.5,160.0,159.4,158.9,159.6,161.4,164.2,161.9,161.4,160.8,160.5,160.6,161.1,161.7,162.0,161.2,161.8,162.4,162.6,162.3,161.6,161.0,161.1,162.9,161.7,160.7,160.3,161.4,163.5,165.9,163.5,161.4,159.9,159.9,161.4,162.1,162.2,162.5,162.8,163.0,162.9,162.6,162.3
216,0,7.167,0.98,1,0.054580,-0.086353,-0.994768,-0.130387,-0.114320,-0.984850,-0.038,-0.101,239.3,244.7,257.5,270.1,275.2,270.9,257.1,244.4,226.3,233.0,242.8,255.5,269.4,280.3,288.4,278.7,266.5,254.0,242.4,233.0,251.7,257.8,264.0,266.6,264.2,258.0,251.9,249.2,425.8,431.5,444.6,457.4,462.4,456.6,443.5,429.8,412.8,419.7,429.9,444.7,459.4,470.0,476.8,469.0,458.8,446.9,433.3,421.1,437.2,443.6,450.1,453.0,450.6,444.2,437.6,434.7,244.3,231.2,226.1,232.0,245.4,259.5,263.7,257.8,244.8,237.7,233.7,232.3,235.6,242.5,252.7,257.4,259.3,259.5,257.0,252.2,251.0,253.9,251.4,245.0,238.5,235.6,238.1,244.5,250.0,237.0,231.9,237.7,251.0,264.0,269.1,264.3,253.9,245.4,240.3,239.0,242.9,248.7,258.1,262.9,265.1,265.4,263.3,260.0,257.1,260.1,257.6,251.0,244.4,241.4,243.9,250.4,-26.4,-24.5,-20.2,-16.0,-14.4,-15.9,-20.4,-24.7,-31.5,-28.7,-24.9,-20.5,-16.1,-12.7,-10.2,-13.3,-17.2,-21.3,-25.3,-28.8,-22.3,-20.3,-18.2,-17.3,-18.1,-20.1,-22.2,-23.1,34.2,36.1,40.5,44.7,46.3,44.3,40.0,35.5,30.4,32.4,35.4,40.1,45.1,49.1,52.2,48.9,44.9,40.7,36.4,32.8,38.1,40.2,42.4,43.4,42.6,40.5,38.3,37.3,1.4,-2.9,-4.5,-2.6,1.7,6.3,7.7,5.8,1.6,-0.8,-2.0,-2.4,-1.4,0.8,4.1,5.6,6.2,6.3,5.5,4.0,3.6,4.5,3.7,1.6,-0.5,-1.4,-0.6,1.5,3.2,-1.0,-2.6,-0.7,3.6,7.8,9.4,7.8,4.5,1.7,0.1,-0.3,0.9,2.9,6.0,7.5,8.1,8.2,7.5,6.5,5.6,6.5,5.7,3.6,1.4,0.5,1.3,3.4,163.3,162.5,161.3,160.4,160.4,161.5,162.4,163.3,168.2,164.7,161.3,159.3,159.1,160.1,161.7,161.1,160.6,161.1,162.8,165.5,163.4,162.9,162.4,162.0,162.0,162.4,163.0,163.4,161.6,162.0,162.4,162.6,162.5,162.1,161.7,161.7,163.6,162.2,161.0,160.5,161.7,163.8,166.3,164.0,161.9,160.5,160.6,162.1,162.6,162.7,162.9,163.1,163.2,163.1,162.9,162.7
217,0,7.200,0.98,1,0.056139,-0.090006,-0.994358,-0.134765,-0.115000,-0.984182,-0.040,-0.103,239.7,245.1,257.8,270.4,275.4,271.1,257.3,244.7,226.7,233.4,243.2,256.0,269.8,280.6,288.3,278.7,266.5,254.0,242.5,233.2,252.0,258.0,264.1,266.8,264.3,258.3,252.2,249.6,426.1,431.8,444.8,457.6,462.6,456.9,443.9,430.1,413.4,420.4,430.5,445.2,459.8,470.4,477.2,469.3,459.1,447.3,433.8,421.7,437.5,443.9,450.5,453.3,450.9,444.4,437.9,435.0,244.4,231.2,226.0,231.8,245.3,259.4,263.7,257.8,244.9,237.6,233.6,232.3,235.7,242.7,253.0,257.6,259.4,259.5,257.0,252.2,251.0,253.8,251.3,245.0,238.5,235.7,238.2,244.5,250.1,237.2,232.1,237.9,251.1,264.1,269.2,264.4,254.2,245.6,240.5,239.1,243.1,249.0,258.4,263.1,265.2,265.6,263.5,260.2,257.3,260.2,257.7,251.2,244.5,241.6,244.1,250.6,-26.3,-24.4,-20.2,-16.0,-14.4,-15.8,-20.4,-24.7,-31.5,-28.6,-24.9,-20.5,-16.0,-12.7,-10.3,-13.3,-17.2,-21.3,-25.3,-28.8,-22.3,-20.3,-18.2,-17.3,-18.1,-20.1,-22.2,-23.1,34.4,36.4,40.7,44.9,46.5,44.5,40.2,35.7,30.6,32.7,35.7,40.3,45.4,49.4,52.4,49.1,45.2,41.0,36.6,33.1,38.3,40.4,42.6,43.6,42.8,40.7,38.5,37.5,1.4,-2.9,-4.5,-2.6,1.7,6.3,7.7,5.8,1.7,-0.8,-2.1,-2.5,-1.4,0.9,4.2,5.7,6.3,6.3,5.6,4.1,3.6,4.5,3.7,1.6,-0.5,-1.4,-0.6,1.5,3.3,-0.9,-2.6,-0.7,3.6,7.8,9.5,7.9,4.6,1.8,0.2,-0.3,1.0,2.9,6.1,7.6,8.2,8.2,7.6,6.6,5.6,6.6,5.8,3.7,1.5,0.5,1.3,3.5,163.9,163.2,162.0,161.1,161.0,161.9,162.9,163.8,168.7,165.3,161.9,159.9,159.7,160.6,162.2,161.5,161.0,161.5,163.3,166.0,163.9,163.4,162.9,162.5,162.6,163.0,163.6,163.9,162.2,162.6,163.0,163.2,163.0,162.5,162.1,162.2,164.0,162.7,161.5,161.0,162.2,164.3,166.7,164.4,162.3,160.9,161.0,162.5,163.1,163.2,163.4,163.6,163.7,163.6,163.4,163.2
218,0,7.233,0.98,1,0.054534,-0.088638,-0.994570,-0.132586,-0.110399,-0.985004,-0.039,-0.100,239.6,245.1,257.8,270.4,275.5,271.1,257.3,244.7,226.8,233.5,243.3,255.9,269.7,280.5,288.4,278.8,266.7,254.2,242.7,233.3,252.0,258.0,264.2,266.8,264.4,258.3,252.2,249.6,426.1,431.9,444.9,457.6,462.6,456.9,443.8,430.1,413.4,420.2,430.4,445.1,459.8,470.4,477.1,469.3,459.0,447.1,433.6,421.6,437.6,443.9,450.4,453.3,450.8,444.5,438.0,435.1,244.5,231.3,226.2,232.0,245.4,259.5,263.8,258.0,244.9,237.7,233.7,232.3,235.7,242.8,253.0,257.7,259.6,259.8,257.3,252.4,251.1,253.9,251.5,245.1,238.6,235.8,238.3,244.6,250.4,237.4,232.3,238.1,251.3,264.3,269.4,264.5,254.3,245.8,240.7,239.4,243.3,249.0,258.2,263.0,265.2,265.6,263.6,260.3,257.3,260.2,257.7,251.2,244.6,241.8,244.3,250.7,-26.4,-24.5,-20.2,-16.0,-14.4,-15.8,-20.4,-24.7,-31.5,-28.6,-24.9,-20.5,-16.1,-12.7,-10.3,-13.3,-17.2,-21.3,-25.3,-28.8,-22.3,-20.3,-18.2,-17.3,-18.1,-20.1,-22.2,-23.1,34.5,36.4,40.7,44.9,46.6,44.7,40.3,35.9,30.8,32.7,35.7,40.4,45.4,49.5,52.6,49.3,45.3,41.1,36.8,33.2,38.5,40.6,42.7,43.7,42.9,40.8,38.6,37.7,1.5,-2.8,-4.5,-2.6,1.7,6.3,7.8,5.9,1.7,-0.7,-2.0,-2.4,-1.4,0.9,4.2,5.7,6.3,6.4,5.6,4.1,3.6,4.6,3.7,1.7,-0.4,-1.4,-0.6,1.5,3.4,-0.8,-2.5,-0.6,3.7,7.9,9.6,8.0,4.7,1.9,0.2,-0.2,1.1,2.9,6.1,7.6,8.2,8.3,7.6,6.6,5.7,6.6,5.8,3.7,1.5,0.6,1.4,3.5,164.0,163.3,162.1,161.2,161.1,162.1,163.0,163.9,168.8,165.4,162.0,160.0,159.9,160.8,162.4,161.7,161.2,161.7,163.4,166.1,164.0,163.6,163.0,162.7,162.7,163.2,163.7,164.1,162.6,162.8,163.1,163.3,163.3,163.2,162.9,162.9,164.7,163.2,161.9,161.3,162.5,164.7,167.3,165.1,163.1,161.7,161.8,163.3,163.7,163.8,163.9,164.0,164.0,163.9,163.8,163.7
219,0,7.267,0.98,1,0.054493,-0.087879,-0.994640,-0.132935,-0.112592,-0.984709,-0.040,-0.101,239.7,245.2,257.9,270.5,275.5,271.2,257.4,244.8,226.8,233.6,243.4,256.2,270.1,280.7,288.5,278.9,266.7,254.2,242.7,233.4,252.0,258.1,264.2,266.9,264.5,258.4,252.3,249.6,426.1,431.8,444.8,457.5,462.5,456.8,443.8,430.1,413.4,420.2,430.4,445.1,459.7,470.2,477.0,469.2,459.1,447.2,433.7,421.7,437.5,443.8,450.4,453.2,450.8,444.4,437.9,435.0,244.6,231.4,226.3,232.1,245.6,259.6,263.9,258.0,245.1,237.9,234.0,232.7,236.1,243.0,253.1,257.7,259.6,259.8,257.2,252.4,251.2,254.0,251.6,245.2,238.8,235.9,238.4,244.7,250.3,237.4,232.3,238.1,251.3,264.2,269.3,264.5,254.3,245.8,240.7,239.4,243.2,249.0,258.3,263.0,265.2,265.6,263.6,260.3,257.3,260.3,257.8,251.3,244.7,241.7,244.3,250.7,-26.4,-24.5,-20.2,-16.0,-14.3,-15.9,-20.5,-24.7,-31.5,-28.6,-24.8,-20.4,-16.0,-12.6,-10.3,-13.3,-17.2,-21.3,-25.3,-28.8,-22.3,-20.3,-18.2,-17.3,-18.1,-20.1,-22.2,-23.1,34.5,36.5,40.8,45.0,46.6,44.6,40.3,35.9,30.8,32.7,35.8,40.4,45.5,49.5,52.6,49.3,45.3,41.1,36.8,33.2,38.5,40.6,42.7,43.7,42.9,40.8,38.7,37.7,1.5,-2.8,-4.5,-2.5,1.8,6.4,7.8,5.9,1.7,-0.7,-1.9,-2.3,-1.3,1.0,4.3,5.7,6.3,6.4,5.6,4.1,3.7,4.6,3.8,1.7,-0.4,-1.3,-0.5,1.5,3.4,-0.9,-2.5,-0.6,3.7,7.9,9.5,8.0,4.7,1.9,0.2,-0.2,1.0,3.0,6.1,7.6,8.2,8.3,7.6,6.6,5.7,6.6,5.8,3.7,1.5,0.6,1.4,3.5,164.2,163.4,162.3,161.4,161.4,162.4,163.3,164.1,168.9,165.5,162.2,160.2,160.1,161.0,162.6,161.9,161.4,161.9,163.6,166.2,164.2,163.8,163.3,162.9,163.0,163.4,163.9,164.3,162.7,163.0,163.4,163.6,163.5,163.2,162.8,162.9,164.7,163.3,162.0,161.5,162.7,164.8,167.4,165.1,163.1,161.7,161.7,163.2,163.7,163.8,164.0,164.1,164.2,164.1,163.9,163.8
220,0,7.300,0.98,1,0.050992,-0.086170,-0.994975,-0.134205,-0.112991,-0.984491,-0.042,-0.100,239.9,245.3,258.1,270.7,275.8,271.4,257.5,244.9,226.8,233.6,243.6,256.6,270.7,281.3,289.0,279.3,267.0,254.4,242.9,233.5,252.3,258.2,264.3,266.9,264.6,258.6,252.5,249.9,426.2,432.0,444.9,457.6,462.5,456.8,443.8,430.2,413.5,420.3,430.4,445.2,459.9,470.5,477.3,469.3,459.0,447.0,433.6,421.7,437.7,443.9,450.4,453.3,450.9,444.6,438.1,435.2,244.5,231.3,226.2,232.1,245.7,259.7,264.0,258.0,245.0,237.8,233.8,232.4,235.8,242.8,253.1,257.7,259.5,259.7,257.1,252.3,251.0,253.9,251.5,245.2,238.8,236.0,238.4,244.6,250.3,237.4,232.4,238.1,251.3,264.2,269.3,264.4,254.3,245.7,240.6,239.3,243.3,249.1,258.4,263.1,265.3,265.7,263.6,260.2,257.2,260.1,257.6,251.2,244.6,241.7,244.2,250.6,-26.2,-24.3,-20.0,-15.8,-14.2,-15.7,-20.3,-24.6,-31.3,-28.4,-24.6,-20.2,-15.7,-12.4,-10.1,-13.1,-17.0,-21.1,-25.1,-28.6,-22.2,-20.2,-18.1,-17.2,-18.0,-20.0,-22.0,-22.9,34.6,36.5,40.8,44.9,46.6,44.7,40.4,36.0,30.9,32.8,35.8,40.4,45.5,49.6,52.6,49.3,45.3,41.1,36.8,33.3,38.6,40.6,42.8,43.7,42.9,40.9,38.7,37.8,1.5,-2.8,-4.5,-2.5,1.8,6.4,7.8,5.9,1.7,-0.7,-2.0,-2.4,-1.3,0.9,4.2,5.7,6.3,6.3,5.6,4.1,3.6,4.5,3.7,1.7,-0.4,-1.3,-0.5,1.5,3.4,-0.8,-2.5,-0.6,3.7,7.9,9.5,8.0,4.7,1.9,0.2,-0.2,1.1,3.0,6.2,7.6,8.3,8.3,7.6,6.6,5.6,6.6,5.8,3.7,1.5,0.6,1.4,3.5,163.5,162.7,161.6,160.7,160.7,161.8,162.7,163.5,168.1,164.7,161.3,159.3,159.2,160.3,162.0,161.3,160.7,161.2,162.9,165.5,163.6,163.2,162.6,162.3,162.3,162.7,163.2,163.6,162.8,162.9,163.1,163.3,163.4,163.3,163.1,163.2,165.0,163.4,162.0,161.4,162.5,164.7,167.3,165.1,163.1,161.9,162.0,163.5,163.8,163.9,164.0,164.1,164.0,164.0,163.9,163.8
221,0,7.333,0.98,1,0.058888,-0.087453,-0.994427,-0.128218,-0.114395,-0.985126,-0.035,-0.102,240.4,245.8,258.5,271.0,276.0,271.6,257.9,245.4,227.2,233.9,243.7,256.3,270.1,281.0,289.0,279.3,267.1,254.7,243.2,233.8,252.7,258.7,264.7,267.3,264.9,259.0,253.0,250.4,426.8,432.6,445.7,458.4,463.3,457.5,444.4,430.7,413.9,420.8,431.0,445.8,460.3,470.8,477.4,469.7,459.5,447.7,434.3,422.2,438.2,444.5,451.0,454.0,451.5,445.2,438.6,435.7,244.4,231.3,226.2,232.1,245.5,259.6,263.8,257.9,244.9,237.8,233.8,232.5,236.0,243.0,253.2,257.8,259.5,259.6,257.1,252.3,251.0,253.8,251.4,245.1,238.8,236.0,238.4,244.6,250.2,237.2,232.2,238.1,251.4,264.4,269.4,264.5,254.2,245.7,240.6,239.4,243.4,249.2,258.5,263.2,265.5,265.8,263.7,260.3,257.3,260.3,257.8,251.4,244.7,241.7,244.2,250.7,-26.1,-24.2,-19.9,-15.8,-14.2,-15.6,-20.2,-24.4,-31.3,-28.4,-24.7,-20.3,-15.9,-12.5,-10.0,-13.1,-17.0,-21.1,-25.1,-28.6,-22.0,-20.0,-18.0,-17.1,-17.9,-19.9,-21.9,-22.8,34.7,36.6,41.0,45.2,46.8,44.8,40.4,36.0,30.8,32.8,35.9,40.5,45.6,49.6,52.6,49.3,45.4,41.2,36.9,33.3,38.6,40.7,42.9,43.9,43.1,41.0,38.8,37.8,1.5,-2.8,-4.5,-2.6,1.8,6.3,7.7,5.9,1.6,-0.7,-2.0,-2.4,-1.3,1.0,4.3,5.7,6.3,6.3,5.6,4.1,3.6,4.5,3.7,1.7,-0.4,-1.3,-0.5,1.5,3.3,-0.9,-2.5,-0.6,3.7,8.0,9.6,8.0,4.7,1.8,0.2,-0.2,1.1,3.0,6.2,7.7,8.3,8.3,7.6,6.6,5.7,6.6,5.8,3.7,1.5,0.6,1.4,3.5,163.7,163.0,161.8,160.9,160.8,161.8,162.7,163.6,168.7,165.2,161.7,159.6,159.4,160.4,162.0,161.3,160.8,161.4,163.1,165.9,163.7,163.3,162.7,162.4,162.4,162.9,163.4,163.8,162.4,162.7,163.1,163.4,163.3,162.9,162.5,162.5,164.3,162.9,161.7,161.2,162.4,164.5,167.0,164.8,162.7,161.3,161.3,162.8,163.4,163.5,163.7,163.9,163.9,163.8,163.6,163.4
222,0,7.367,0.98,1,0.054142,-0.095012,-0.994003,-0.130983,-0.109846,-0.985280,-0.039,-0.103,241.0,246.5,259.3,271.8,276.8,272.3,258.5,246.0,227.9,234.5,244.5,257.6,271.7,282.4,290.1,280.3,267.9,255.3,243.7,234.3,253.4,259.3,265.4,268.0,265.7,259.8,253.7,251.1,427.5,433.3,446.4,459.1,464.0,458.2,445.1,431.4,414.9,421.7,431.7,446.5,461.1,471.7,478.3,470.5,460.1,448.2,434.8,423.0,439.0,445.3,451.8,454.7,452.3,446.0,439.5,436.6,244.3,231.2,226.1,232.0,245.5,259.6,263.8,257.8,244.9,237.7,233.7,232.5,236.3,243.6,254.0,258.2,259.6,259.5,256.9,252.2,250.9,253.8,251.4,245.1,238.7,235.9,238.3,244.5,250.5,237.6,232.6,238.4,251.6,264.5,269.5,264.6,254.4,245.7,240.6,239.5,243.5,249.1,258.3,263.1,265.5,265.9,263.8,260.3,257.3,260.2,257.8,251.3,244.7,241.8,244.3,250.7,-25.6,-23.7,-19.5,-15.4,-13.8,-15.3,-19.8,-24.0,-30.8,-28.0,-24.2,-19.8,-15.3,-12.0,-9.6,-12.7,-16.6,-20.7,-24.7,-28.2,-21.6,-19.6,-17.6,-16.7,-17.5,-19.5,-21.5,-22.4,35.1,37.0,41.3,45.5,47.1,45.2,40.9,36.5,31.4,33.3,36.2,40.9,45.9,50.0,53.1,49.8,45.9,41.6,37.3,33.8,39.1,41.2,43.3,44.3,43.5,41.4,39.2,38.3,1.4,-2.9,-4.5,-2.6,1.8,6.3,7.7,5.8,1.7,-0.8,-2.0,-2.4,-1.2,1.1,4.5,5.8,6.3,6.2,5.5,4.0,3.5,4.5,3.7,1.7,-0.4,-1.3,-0.6,1.5,3.4,-0.8,-2.4,-0.5,3.8,8.0,9.7,8.0,4.8,1.9,0.2,-0.2,1.1,3.0,6.1,7.6,8.3,8.4,7.7,6.7,5.7,6.7,5.8,3.7,1.6,0.6,1.4,3.5,162.4,161.6,160.4,159.5,159.4,160.4,161.3,162.2,167.3,163.8,160.4,158.3,158.1,159.1,160.7,160.0,159.5,160.1,161.8,164.5,162.3,161.9,161.3,161.0,161.0,161.5,162.0,162.4,163.1,163.0,163.2,163.4,163.7,163.7,163.6,163.6,165.3,163.6,162.2,161.5,162.7,164.9,167.5,165.5,163.6,162.4,162.5,163.9,164.2,164.3,164.4,164.3,164.2,164.1,164.1,164.1
223,0,7.400,0.98,1,0.055010,-0.095114,-0.993945,-0.134985,-0.118348,-0.983754,-0.040,-0.108,241.7,247.1,259.8,272.3,277.3,273.0,259.3,246.7,228.4,235.2,245.3,258.5,272.7,283.0,290.2,280.5,268.3,255.7,244.2,234.8,254.0,259.9,266.0,268.6,266.2,260.3,254.2,251.6,428.3,434.0,446.9,459.5,464.4,458.8,445.8,432.2,415.5,422.4,432.5,447.2,461.8,472.4,479.1,471.1,460.7,448.8,435.5,423.7,439.6,445.9,452.4,455.3,452.9,446.5,440.0,437.2,244.5,231.4,226.2,232.0,245.4,259.4,263.6,257.8,245.1,237.6,233.5,232.3,236.2,243.5,254.1,258.2,259.7,259.5,256.9,252.2,251.0,253.8,251.3,245.1,238.7,235.9,238.3,244.6,250.4,237.5,232.4,238.1,251.3,264.2,269.3,264.5,254.7,245.9,240.8,239.5,243.5,249.2,258.4,263.1,265.5,265.9,263.8,260.5,257.2,260.1,257.6,251.2,244.6,241.7,244.2,250.6,-25.6,-23.7,-19.5,-15.4,-13.7,-15.2,-19.8,-24.0,-30.9,-28.0,-24.2,-19.6,-15.1,-11.9,-9.7,-12.8,-16.6,-20.8,-24.7,-28.2,-21.6,-19.6,-17.6,-16.7,-17.5,-19.5,-21.5,-22.4,35.3,37.2,41.5,45.6,47.3,45.4,41.1,36.7,31.6,33.5,36.5,41.1,46.2,50.3,53.3,50.0,46.0,41.8,37.5,34.0,39.3,41.4,43.5,44.5,43.7,41.6,39.4,38.5,1.5,-2.8,-4.5,-2.6,1.7,6.3,7.7,5.8,1.7,-0.8